8f03a007-4900-4aee-b458-ae9dc8aea61d,fragile-pigs,18,fragile-pigs@example.com
69fd5b7d-ee91-48af-8f83-616ef83c6541,messy-record,44,messy-record@example.com
1fb724c0-5533-448d-99c8-019517c137af,eminent-kite,52,eminent-kite@example.com
48e19e85-c41a-484b-be28-99d28078998b,purple-way,97,purple-way@example.com
dd127867-f7b1-4dc2-8e75-2f3fc67c0074,eager-brothers,53,eager-brothers@example.com
f74168e7-774f-45ec-be67-707985cc7f59,woebegone-laborer,34,woebegone-laborer@example.com
2489bca5-f2c5-4ced-9501-a78fdf8fd8e6,teeny-tiny-wish,22,teeny-tiny-wish@example.com
cb2fadab-b868-4d19-a977-ca7fcdebfc5a,third-question,76,third-question@example.com
3f366a4b-76a6-4306-ae95-ae8a70c7ccde,picayune-cushion,38,picayune-cushion@example.com
86d957ed-1f2e-4470-999a-bacd27b75181,labored-afternoon,51,labored-afternoon@example.com
d126067f-0dbb-4f27-900e-f0ee807afae7,tremendous-limit,37,tremendous-limit@example.com
2f336547-aa77-4b04-9130-7a62cd2f1d67,torpid-arch,96,torpid-arch@example.com
fcd42865-f78e-4dbe-92bd-7115caec2c89,squealing-station,51,squealing-station@example.com
c25913ee-72d1-453e-8342-677d92dc1590,clear-acoustics,72,clear-acoustics@example.com
004d4a59-708c-4e63-8d8f-5197fee5ad52,blue-shade,97,blue-shade@example.com
cd47c231-2fe8-45a7-8195-580db0ae10b0,observant-battle,71,observant-battle@example.com
0002902d-946b-4dc1-9412-29ce7eb49285,plausible-mist,34,plausible-mist@example.com
d4628f0f-1910-4c9c-9dbb-5ec6f20b9588,forgetful-act,58,forgetful-act@example.com
3c6b3d14-c021-4093-96b8-57499d8ee477,fixed-actor,29,fixed-actor@example.com
c3f6b8ed-be4a-48c8-a2fe-9f47feaa2766,needy-pump,57,needy-pump@example.com
ca6d5307-8d4d-46b6-b98b-4f04a492ee66,placid-start,32,placid-start@example.com
bcc5d86c-c182-4fc3-91ac-d6c6c386aa0f,stingy-wind,57,stingy-wind@example.com
8d3a30c2-3825-4d77-9473-9491064cfbef,dynamic-impulse,83,dynamic-impulse@example.com
ea89809d-9df5-4607-85ad-7a0062ea6d5e,green-science,31,green-science@example.com
b60f54e5-941a-4806-8cda-1717009648a8,picayune-tail,31,picayune-tail@example.com
a55d32c4-3a3a-48db-bb94-3553c2580d5c,mundane-manager,36,mundane-manager@example.com
2f858f9f-8238-430c-ab1f-2f11c394d66f,exultant-news,57,exultant-news@example.com
84e27497-e818-4172-a76c-a3deb7c6747d,shivering-approval,94,shivering-approval@example.com
564e336c-08c5-43f8-b441-f0257395e14d,blue-eyed-condition,46,blue-eyed-condition@example.com
f0b05e60-dd74-4eb9-b4a2-0b24a763f398,unused-surprise,40,unused-surprise@example.com
f5de5598-9f04-420a-b220-0546a41d49ec,puzzled-copper,45,puzzled-copper@example.com
19be02d9-f97d-4a30-92fa-cfdb0120c7b3,scrawny-mailbox,63,scrawny-mailbox@example.com
08a6455c-db14-4dec-b5d5-c5a04686ce67,ready-spark,89,ready-spark@example.com
b206bd33-40f3-4a9a-ab85-64c2fe72cec3,plausible-amount,64,plausible-amount@example.com
a4ff9804-8e03-4d9b-acae-869275b9c1ad,rustic-part,44,rustic-part@example.com
88d1bc4d-72bd-43ca-b8f7-5b8c8ff7dd84,penitent-insect,21,penitent-insect@example.com
626db790-163a-4852-8227-aed5a6cdb03e,three-hot,73,three-hot@example.com
ed75bed3-738f-49bf-83d1-8d20064be866,legal-shake,51,legal-shake@example.com
35afd68e-e0bc-49e1-8acb-40ae2a90d465,grotesque-muscle,95,grotesque-muscle@example.com
5e837d33-a0bf-4f86-a276-61c6fe229f36,conscious-volcano,85,conscious-volcano@example.com
12cb8150-89d6-4f96-8b01-46d714e275d5,mellow-representative,87,mellow-representative@example.com
52164a52-560e-4598-9623-59ba8dd5d2cb,fanatical-porter,56,fanatical-porter@example.com
dcdf87a1-72a0-4f2e-9031-17ada57e96ea,marked-value,80,marked-value@example.com
7097b2c5-7fac-402a-b299-431083077fbd,rampant-arm,70,rampant-arm@example.com
39235ccf-a82e-499f-a09b-9cade3aef8aa,laughable-cracker,97,laughable-cracker@example.com
cef10cc7-96a1-4736-b2fc-a88bdd271480,sturdy-friend,74,sturdy-friend@example.com
50db2642-b108-4056-9d2d-2527f4548fbd,equal-silk,53,equal-silk@example.com
2ecec0d7-961e-43b1-a613-657477141f99,quizzical-pocket,77,quizzical-pocket@example.com
cb57e5c6-5bb6-462c-bdd7-6d8bdf10ec76,thinkable-bikes,60,thinkable-bikes@example.com
98ad76e2-f832-428e-857e-c8e0eaa6255d,ignorant-tomatoes,61,ignorant-tomatoes@example.com
96ee66e0-676e-44bf-bda6-18c2d4ce6dbf,quarrelsome-squirrel,88,quarrelsome-squirrel@example.com
41d1bc1e-0cc7-441f-a8ed-213f237fbc8a,aboriginal-brick,60,aboriginal-brick@example.com
52249d23-5ec7-4fce-8606-ce8ae976206e,womanly-toy,51,womanly-toy@example.com
581b39c5-baca-47f8-9c4a-5b38108b8115,violent-cows,37,violent-cows@example.com
6dff51bb-db74-4030-add5-5ebabeb69609,needless-pest,45,needless-pest@example.com
6e489360-0ccd-4752-a85f-a37094134c8d,temporary-wing,56,temporary-wing@example.com
48db449f-c442-42ba-85e5-d7d919804507,knowledgeable-agreement,47,knowledgeable-agreement@example.com
a096752f-eb92-4790-a965-15bb6eaa5c77,unhealthy-bedroom,76,unhealthy-bedroom@example.com
d47f1048-4045-4812-a1b0-d5e6cfef43e7,drab-rice,96,drab-rice@example.com
f4829628-f196-49fa-857c-d1a805dd8e51,uninterested-meeting,78,uninterested-meeting@example.com
8c0629c7-9653-414f-803a-720a86d94f7f,imminent-color,46,imminent-color@example.com
1955e42a-ad28-4028-a594-0947ee745316,thinkable-decision,65,thinkable-decision@example.com
b6912bc2-fb0c-4cc2-8786-8c557d62a7b3,thinkable-letters,26,thinkable-letters@example.com
cfc0f386-d029-4520-b121-e9dcbdc71cb9,equal-yoke,74,equal-yoke@example.com
e7a43a12-6bb7-4f2f-b834-325a5ee55803,unusual-animal,60,unusual-animal@example.com
64a01430-164f-412b-99ab-6d174bfd300d,straight-aftermath,64,straight-aftermath@example.com
76f208f7-5211-4a7a-9a5c-64333ad3504d,invincible-manager,52,invincible-manager@example.com
9f0cdbff-38d7-4efc-a295-ad60ab1211e7,heavy-whip,97,heavy-whip@example.com
db6568ec-7d40-48c9-b802-d8d56fff3289,careful-wrist,62,careful-wrist@example.com
7d0958da-eeeb-4e3d-b14f-287ba6f03c43,loud-skirt,18,loud-skirt@example.com
b0c3da21-42e1-4a09-90c2-bc503aeffcff,cheerful-look,89,cheerful-look@example.com
c015f01d-3bdb-4a92-803c-b76d46bfb6c4,solid-rabbit,20,solid-rabbit@example.com
4c9452f0-d4c6-4ee9-b576-291d89b4799a,nonstop-cattle,93,nonstop-cattle@example.com
2f25fb19-4181-4a59-bf43-e5b1ce6fe2d9,keen-oatmeal,71,keen-oatmeal@example.com
5c0bc1d0-699d-4759-874b-ed0c34357bcb,painstaking-mark,76,painstaking-mark@example.com
2769383c-84fd-47ef-9fba-61f52a029220,sick-side,28,sick-side@example.com
b1eead86-486d-4f3a-b806-e3d2010213c6,burly-detail,31,burly-detail@example.com
7364e548-94c5-4341-a645-60d308a88c2c,useless-umbrella,83,useless-umbrella@example.com
9ccae0fc-5786-4628-9af8-dbf7c593ad74,afraid-process,76,afraid-process@example.com
a3e0bc98-1e7d-4a63-a015-a2467c59b1e7,rabid-button,53,rabid-button@example.com
980e01bd-a806-4944-a6bf-a0d686bc05ac,unused-camera,61,unused-camera@example.com
eb2ca3b0-c51f-477f-b2ba-0ab096efac64,flat-dinosaurs,75,flat-dinosaurs@example.com
f9eb72c9-e5fc-491e-a9f2-555418cc9a64,dramatic-step,65,dramatic-step@example.com
19e8aada-10ca-403e-a1fe-29b4a0acb400,paltry-rabbits,63,paltry-rabbits@example.com
67df6084-52a9-497e-bb33-bc086256262b,obedient-bucket,52,obedient-bucket@example.com
c8d3ef7b-9eda-46a3-96c9-70d635daca19,good-whip,88,good-whip@example.com
33bef357-df4e-4d18-bbb2-94656d06f106,combative-credit,59,combative-credit@example.com
5afa1a51-a137-432d-ac29-63ec5e14c2a9,lively-flower,30,lively-flower@example.com
4221ab4d-b119-4be3-8570-a86303fe841f,didactic-monkey,45,didactic-monkey@example.com
fe96701d-0abe-41c5-ae7c-51102e32a9cd,ludicrous-zoo,58,ludicrous-zoo@example.com
8bc7b923-3603-4ff3-9bf6-6324068fef0a,envious-chicken,80,envious-chicken@example.com
ecc1e77c-b63c-4dd2-926f-7e8de8ca7160,rigid-vest,18,rigid-vest@example.com
8295a882-2550-4558-8807-18afd4c833d8,interesting-wealth,30,interesting-wealth@example.com
3bce1478-81d6-4a28-9a6f-6077526ad360,brawny-bikes,49,brawny-bikes@example.com
bd84394b-6646-4218-8a0a-4b628376a13d,rude-twig,53,rude-twig@example.com
d6c3c4a6-2ced-4772-b6a5-6638bdefc02a,greasy-lip,95,greasy-lip@example.com
922474ec-55cb-43c2-9dfc-69481a488691,impolite-flame,59,impolite-flame@example.com
92eeab85-aee6-481c-9535-5c4b728f9f34,curious-tray,52,curious-tray@example.com
4c65fd49-abd4-4a6d-b074-a6ddbfff972b,tough-push,45,tough-push@example.com
bdcaa71e-c260-4830-855e-68d122331b3a,boring-lip,66,boring-lip@example.com
80716f9d-3082-46f6-bfba-685c625d0460,false-caption,20,false-caption@example.com
2c5d190b-c6e0-4e6b-8a0f-4fe8c8bd0bfb,tall-route,51,tall-route@example.com
980007aa-4a94-45b2-81f0-50290bc2d9e4,nauseating-achieve,52,nauseating-achieve@example.com
bbf95528-6698-4ec8-b448-97fd4ee07673,skinny-eggs,22,skinny-eggs@example.com
f5aafecd-274f-4799-b92e-ea989bb049ed,comfortable-achiever,74,comfortable-achiever@example.com
52a97383-8274-40e2-a304-6745677a20a6,godly-history,52,godly-history@example.com
a0e5bddc-6294-4bea-955a-181bda94aa7e,deserted-powder,31,deserted-powder@example.com
8c90171a-6bc6-4b51-a9ba-87aa256c8366,loose-health,82,loose-health@example.com
b21493fd-823b-4ebd-8691-3e895b1fcf99,miniature-children,59,miniature-children@example.com
085970f7-cb9b-44fc-aed7-05997599b3bc,ill-verse,28,ill-verse@example.com
7ddd6691-70ec-4426-8f6f-5d197116b5e3,stingy-oven,93,stingy-oven@example.com
4e740418-fb56-4abe-9953-dab19ad20ce4,cut-line,50,cut-line@example.com
5a7f4079-04c8-4d4f-9139-31258290c09f,fretful-playground,47,fretful-playground@example.com
5bd16eec-f027-4d9a-98d7-2a6bb5ee9882,damaged-tank,31,damaged-tank@example.com
555e1fe2-e097-4913-be1e-7798f6c003b2,half-muscle,23,half-muscle@example.com
006c1a4e-1699-4552-96d5-8047e69f18e9,adhesive-jam,24,adhesive-jam@example.com
e21c0698-d3c7-4f69-aefe-40106bd1d48f,ahead-idea,30,ahead-idea@example.com
942f350f-ecf1-4994-9d3d-e405bffa7a32,gullible-approval,61,gullible-approval@example.com
16452db7-53f5-455c-b008-fdd23e53e98a,available-things,96,available-things@example.com
b88fc325-9d89-454c-99e4-25458b903c94,unusual-alley,95,unusual-alley@example.com
355ee708-09c4-4907-8343-720079a89807,bouncy-belief,41,bouncy-belief@example.com
4fc4851a-7c91-4f83-a6f7-a1057399ef72,humorous-daughter,87,humorous-daughter@example.com
5ad51bca-16a0-408f-babd-330ccda7bd76,puzzling-honey,75,puzzling-honey@example.com
7cef942e-c998-4b5b-9370-0b34f79cbaa6,verdant-passenger,37,verdant-passenger@example.com
e3c708ca-eaf8-4d13-8c2c-0746b95b0252,deadpan-insect,31,deadpan-insect@example.com
f33f9da7-1949-49ff-a500-f33ba78bf42a,true-cakes,93,true-cakes@example.com
107772f7-c0eb-49c6-806b-ffc9b82c58de,open-zinc,47,open-zinc@example.com
a8155f73-94fd-4d5b-b71e-aba6c7cec3f6,pushy-design,22,pushy-design@example.com
1eda5438-bb5e-4a1d-868c-04dbe058b463,scarce-apparel,36,scarce-apparel@example.com
3ed9b6ee-da61-4de6-a258-d19b0dc2eadd,kindly-grass,87,kindly-grass@example.com
3cb7484d-56dc-4ee0-bffb-cbbc02a220a7,extra-large-answer,62,extra-large-answer@example.com
4bc7fd0c-e0e5-4deb-b6c9-687882d140eb,petite-head,70,petite-head@example.com
9bd2b3b9-98a8-4536-a98a-c7868f23548d,ugliest-toes,60,ugliest-toes@example.com
b3464855-4061-45e8-9acd-eac4105df5ce,scrawny-love,82,scrawny-love@example.com
b2860c72-c29a-47cf-a523-be3eb24ddf06,abstracted-railway,25,abstracted-railway@example.com
ca4d06f6-d17a-4f5f-aacb-639e0a0653a3,ablaze-control,55,ablaze-control@example.com
270adce4-7cd1-47cf-8caf-c41cb971906f,grotesque-organization,73,grotesque-organization@example.com
0f2435af-9496-4e3f-83be-2e90172bdc7d,humorous-brick,22,humorous-brick@example.com
a7ab7993-a4b6-4237-a4b8-0bdc1acb840b,rebel-band,66,rebel-band@example.com
42c18c1f-420c-4989-8bef-343945cd2bda,unaccountable-yard,54,unaccountable-yard@example.com
575ea1fd-bbb2-4fca-ba2a-bd0244ca5de4,melodic-dinner,33,melodic-dinner@example.com
97b1b5d7-7c8f-4744-9e30-72cde6573bb0,pricey-baby,97,pricey-baby@example.com
0b418154-7083-4504-84eb-9ca129f756bd,workable-silk,41,workable-silk@example.com
86b7a5fd-494b-4267-a913-d5d01896fcc4,whispering-daughter,85,whispering-daughter@example.com
ded2b5e2-002a-486c-b42c-b1a9dce2e6e1,giant-angle,50,giant-angle@example.com
4a165e0c-fb07-45ef-b738-5dd9bc3a27e8,fearful-bell,52,fearful-bell@example.com
c09e4080-3939-4323-b1c5-d36f686bb724,laughable-history,18,laughable-history@example.com
70686bef-de47-4b2b-9f69-185f05a75f17,hateful-weight,24,hateful-weight@example.com
830a27c2-3e43-494d-841a-9ede19b095bc,squeamish-fireman,28,squeamish-fireman@example.com
99341aeb-0bec-4ba0-a2e6-c12b486a1384,pointless-flock,85,pointless-flock@example.com
173c964b-55dd-44b7-8a48-fd189bb935c6,incandescent-angle,68,incandescent-angle@example.com
370fccc9-2b00-49c0-9d72-bc98821e8a38,courageous-goat,99,courageous-goat@example.com
0c602422-151d-4180-8f94-b41f757be911,dirty-lunchroom,60,dirty-lunchroom@example.com
63d66303-c9f0-41f4-bb1c-cae62e2a82c9,next-beast,59,next-beast@example.com
70b9dff7-56bc-47a9-be83-f2aea49cba73,nasty-card,96,nasty-card@example.com
cc16b129-dc8c-499c-9040-78cb203e68a1,humorous-bucket,60,humorous-bucket@example.com
99aee8ee-89a3-4c6a-a7d6-1c2d84de836a,rebel-blood,47,rebel-blood@example.com
48273d5d-7009-49f7-95ff-753d079f4a5e,drab-chair,71,drab-chair@example.com
e26715bd-586a-44be-9420-c0a1a8ccb658,well-to-do-instrument,25,well-to-do-instrument@example.com
5c028ffb-56bf-49bc-b971-bcc3af145823,sneaky-letter,99,sneaky-letter@example.com
9240dae1-1913-4481-84f4-90855ddb8891,wide-eyed-feet,86,wide-eyed-feet@example.com
86978b4a-6bc2-4e8d-83f7-504fa9700b3a,doubtful-print,93,doubtful-print@example.com
656b9214-c5c1-4a1f-a592-f34816b0baff,condemned-shop,51,condemned-shop@example.com
64b1205c-342c-4327-a149-37c68863c589,wooden-fact,84,wooden-fact@example.com
6603519c-af08-429e-9471-7b90c2f93e6d,bright-tomatoes,19,bright-tomatoes@example.com
f6fde656-c388-4152-b6cc-d5739ca49647,sedate-cattle,72,sedate-cattle@example.com
245f2eaf-a414-4b38-b37d-617d855cd70e,finicky-stage,42,finicky-stage@example.com
0296bbb4-781b-406a-987a-02062b82ea2c,free-eye,38,free-eye@example.com
c5b8e2be-7a4b-44dc-99e0-3375699ff787,noiseless-stone,34,noiseless-stone@example.com
f566d012-337e-4e61-ae0c-94fe283defee,oafish-whistle,44,oafish-whistle@example.com
ab60b4f3-59eb-42a7-a045-2e1893cb4250,gentle-faucet,90,gentle-faucet@example.com
d8a02d27-7ef1-4d90-a039-442884d93c3c,whispering-rain,90,whispering-rain@example.com
07fc9674-ca9f-49e9-973e-aa006c900255,volatile-position,78,volatile-position@example.com
12e9d48d-4731-4a5b-9dda-381f8fbbf382,draconian-magic,30,draconian-magic@example.com
6584bba8-9696-4e39-a21b-35d61c0444d1,green-mass,74,green-mass@example.com
020d1680-678b-4b7b-a2f1-7ea71ac24dc0,unbiased-secretary,85,unbiased-secretary@example.com
73be62e5-f799-4c6d-ba0a-5b8bd187c9f4,chief-pets,40,chief-pets@example.com
927c2f46-0e2f-4f01-ae9b-e1b40780ed69,unwieldy-lizards,77,unwieldy-lizards@example.com
7252bea7-1781-4781-9688-ac16916f2844,precious-honey,51,precious-honey@example.com
86e4c025-9365-43e7-b2d5-91aa30fbafd9,sedate-mind,87,sedate-mind@example.com
444e10c8-2986-4341-8e96-1c546978862c,eight-rose,43,eight-rose@example.com
0f80efc3-50f0-4f34-b894-1212a7b3520c,zesty-feather,29,zesty-feather@example.com
bab7adba-8d73-4eb5-971e-7269c6ab7bfb,even-flesh,37,even-flesh@example.com
6d950da3-44be-4605-b28e-8195d984f7c3,male-sun,74,male-sun@example.com
f4dfb6e2-6be2-41b2-a9f8-738fd6b990e4,alive-reward,28,alive-reward@example.com
a85250f9-a24c-49c4-a8b6-058494f18aa6,plucky-creator,68,plucky-creator@example.com
a2af05ba-c043-4bae-835e-7ac739541f3c,gorgeous-system,68,gorgeous-system@example.com
cbcee416-b3f5-4452-a875-e01673de2f61,bad-value,67,bad-value@example.com
0acd3240-0627-4154-9974-958ccc98d60f,curved-trucks,71,curved-trucks@example.com
8144f0e6-de06-4044-b74a-334007ec7a21,deadpan-chin,42,deadpan-chin@example.com
e95a01d2-4b13-41d3-84be-303eeef9556d,profuse-mine,62,profuse-mine@example.com
3e8dc838-b134-4ed6-b3b6-0077d7818c85,thoughtless-baseball,46,thoughtless-baseball@example.com
d51d3bbb-f764-4695-ad63-cf59d05fbed5,permissible-maid,90,permissible-maid@example.com
6de7cb2e-7363-4cf8-8187-38309d1dbe07,gabby-food,89,gabby-food@example.com
00981b22-58a3-4301-bc63-357cf7413c34,useful-scissors,76,useful-scissors@example.com
071cc807-7778-4677-8d69-7e026b5759b5,witty-pickle,51,witty-pickle@example.com
05aa844f-a339-43df-a7e7-514e9df961ff,tested-building,98,tested-building@example.com
78cc639e-1aff-4466-b2db-c0d0eb567f9f,determined-eggs,83,determined-eggs@example.com
a6168edc-82f8-4f85-8f20-9949dff93a7f,stormy-flight,28,stormy-flight@example.com
5c79ce49-ce23-4363-b285-6c7ab95b2cdb,exotic-detail,73,exotic-detail@example.com
8904f805-f191-46d9-b9c0-94e176bf43e8,rabid-cable,34,rabid-cable@example.com
deaef6fd-47ab-49ff-9285-f4fabf8e5d41,wonderful-power,60,wonderful-power@example.com
965aade9-11aa-499c-8b49-c3a171c835fd,bouncy-pies,29,bouncy-pies@example.com
48ace343-21fc-4b29-9fae-1ae9a770fa9d,understood-teeth,79,understood-teeth@example.com
9377edbe-c8f8-470f-8d5d-85440e907c55,general-carpenter,56,general-carpenter@example.com
c5ca2251-e605-4e67-a845-71acdf059bd9,huge-rate,19,huge-rate@example.com
a339fdca-98ba-4e8c-94d3-c6aafe120697,interesting-condition,33,interesting-condition@example.com
42184f2a-ea5e-4f7e-955f-027015177272,marvelous-seat,84,marvelous-seat@example.com
8f6e7540-1373-4850-9abd-baa244bf04ed,broad-nail,70,broad-nail@example.com
dc956c4c-b531-4710-bc24-830a1b92dea4,fretful-bun,92,fretful-bun@example.com
7e587113-6ac8-41e0-a4c8-1f107abc26f8,ashamed-father,72,ashamed-father@example.com
76b20965-dcf3-457b-a792-e1292f84d622,efficacious-quartz,73,efficacious-quartz@example.com
f52f78c6-4c83-400d-9ae9-439c18406c7b,bent-tray,18,bent-tray@example.com
79f6ea26-2f44-45ac-a2dc-943c2ee61a88,questionable-children,59,questionable-children@example.com
5ad5aa2a-38e0-4edf-877c-5a51e2e74e73,tranquil-growth,73,tranquil-growth@example.com
59c06d48-65cb-468e-9069-df70d1710638,secret-sleep,26,secret-sleep@example.com
78e53942-327a-459c-bdc0-38fac09d518d,foolish-caption,25,foolish-caption@example.com
6a671a60-ec21-4f82-a63b-d73a47359274,eminent-bait,88,eminent-bait@example.com
ca8b6c0f-d90c-4241-bf55-d2bf483e1fad,overjoyed-sock,40,overjoyed-sock@example.com
c8d40968-b298-4fce-bf78-1e2ff78e1b1c,knowledgeable-son,63,knowledgeable-son@example.com
b464575a-3ed5-41fc-bac2-339cd405e76e,adorable-waste,47,adorable-waste@example.com
8885d4ea-f7b7-4d42-a196-ab2b3c2970e6,ill-crush,86,ill-crush@example.com
e5655b71-6a72-4a8b-9a02-037bc9d61b26,drunk-calculator,78,drunk-calculator@example.com
df05196d-ceeb-4363-915e-5ed67045c55c,cuddly-honey,54,cuddly-honey@example.com
ff738a10-ccf1-4bef-9310-d004a41f4816,lumpy-spy,47,lumpy-spy@example.com
02ea420a-7fa5-48f0-8382-948e4859f000,stereotyped-ball,47,stereotyped-ball@example.com
e2bc6e95-5437-4ea0-8582-fe436a3b14e7,flawless-popcorn,93,flawless-popcorn@example.com
c1153baf-4713-4c1a-8fb5-c7e884f50fc4,scarce-seed,71,scarce-seed@example.com
c5176ed7-aecf-49bd-843c-be70fdb05b96,unequal-tin,38,unequal-tin@example.com
dc7a35f2-9ee7-4973-b4d9-14fdbe0ef8b8,brawny-daughter,28,brawny-daughter@example.com
d6bee192-a4ab-4cd6-8877-5dcec523be15,amazing-north,58,amazing-north@example.com
e60f43f4-9f2e-4ab6-9157-fa40a79c80b6,whimsical-fruit,41,whimsical-fruit@example.com
d97cac60-7e74-4198-bd67-98ccd8f66dea,poor-wave,37,poor-wave@example.com
61f42eec-0177-48e5-ab09-ca1f7530e801,abject-group,80,abject-group@example.com
4305e912-fc6a-4c17-9694-59c335ab585a,zealous-plough,77,zealous-plough@example.com
b4c5613c-435d-475a-bd11-b16ded95ac7f,careless-smash,89,careless-smash@example.com
d7850763-3714-4d5f-960d-4cda15a67483,fearless-hate,97,fearless-hate@example.com
ce33a5c5-1047-4a99-84af-f55713a6fc77,uppity-partner,50,uppity-partner@example.com
2239bfaa-b2f3-4bef-b7af-51f7953b27f6,arrogant-cork,68,arrogant-cork@example.com
0983864f-59e5-4344-906f-4d09fd8f2181,two-tendency,25,two-tendency@example.com
77c50965-dc9e-4666-a99c-272dab7ab9de,obsolete-church,81,obsolete-church@example.com
83493090-58e7-496b-83f2-6da22e1fc90c,handsome-money,68,handsome-money@example.com
b7167daf-a958-42e5-942b-292f7c95f860,vigorous-invention,94,vigorous-invention@example.com
dce74fa2-f24a-4262-bd81-83dd180fdf0e,happy-dogs,51,happy-dogs@example.com
01c363af-b4d4-4a3f-a6fd-b55bff11bca0,square-tongue,67,square-tongue@example.com
7e87d149-e96a-4668-abc4-9fe3524e7d95,gruesome-distance,19,gruesome-distance@example.com
79093d9c-e6d9-48f1-a353-e6d3e9452775,giddy-creator,92,giddy-creator@example.com
94caa28a-9895-4a69-ad7d-e6b162ed79ee,billowy-grandmother,62,billowy-grandmother@example.com
dc5b3c3f-39e6-40e9-9cf6-0227e5465241,blue-property,19,blue-property@example.com
f6b34c03-7817-4e69-813b-affca23a544f,hospitable-cherries,65,hospitable-cherries@example.com
6a03fed2-3369-4f6e-a6ac-c78f2a32d7ef,marvelous-sneeze,78,marvelous-sneeze@example.com
88a52907-4892-46a1-b571-f4d47dd32235,toothsome-shade,24,toothsome-shade@example.com
6504c7c5-295b-43c1-8833-33106bb78ec7,lovely-cows,43,lovely-cows@example.com
263fb610-392f-41b7-be42-72998108a731,jobless-attempt,61,jobless-attempt@example.com
13a536b8-a2f5-4311-b5b4-bdc753762a13,amusing-mailbox,88,amusing-mailbox@example.com
5f932e74-150c-45fd-829b-1bc03f295146,animated-stew,56,animated-stew@example.com
85a076dc-50f1-4575-8008-fc96eceaf969,miscreant-middle,34,miscreant-middle@example.com
cd17b351-0683-46a4-8fe2-4f0798ca9e7c,depressed-protest,84,depressed-protest@example.com
1ad66cc8-1dfa-4341-9bb3-89bc1bc426a9,cultured-twist,42,cultured-twist@example.com
eca3c540-730f-4e4b-939d-94edeed90f29,kind-town,29,kind-town@example.com
a518f836-ea13-4329-bdaa-0b69e35608a7,expensive-bit,84,expensive-bit@example.com
da0ed83b-0a50-4774-b7ff-c353ad7c7492,few-apparel,69,few-apparel@example.com
90add4f1-bd77-4175-891b-06530a449df9,macabre-bikes,73,macabre-bikes@example.com
9bb0f323-f890-4055-a4ec-b3f03ebd647c,absent-birds,88,absent-birds@example.com
8a009ad2-144a-4183-8626-b3d538efb12d,grubby-order,82,grubby-order@example.com
5c8cad85-f8fa-442f-920f-c581bf2b6d4f,hilarious-crib,91,hilarious-crib@example.com
a7cd9972-63bb-40fa-884d-a6a630fdf179,best-cheese,91,best-cheese@example.com
a50ff829-d89e-4a57-9392-789e4f3c6c4f,industrious-son,60,industrious-son@example.com
32bf10f8-0a91-4f14-a2cd-741a556c1267,tearful-island,20,tearful-island@example.com
22a3eac3-fc97-4bbb-b974-88f37126e65a,aboard-building,84,aboard-building@example.com
754830a1-f7fa-4b7c-b4fd-0ca9efdbaac2,lamentable-cactus,97,lamentable-cactus@example.com
312781bb-4571-4f3b-8efa-27a9eb39d352,dark-flower,40,dark-flower@example.com
ed9e16eb-aa01-42ef-b36b-4e1c9300c884,tan-run,24,tan-run@example.com
b0d87775-7bdc-4a6d-828f-decc03ef1864,placid-sound,35,placid-sound@example.com
762548d7-f68b-4696-9c43-0d10d5ce1568,waiting-motion,29,waiting-motion@example.com
a8dff54c-8a62-45f8-bf40-e376a5c10ba0,guttural-button,58,guttural-button@example.com
03d6381e-dd4c-4747-ac2c-137844158447,gifted-value,71,gifted-value@example.com
b085cc64-ad2a-450f-95c1-364a8d9e668c,vast-clouds,41,vast-clouds@example.com
9c3a500a-1e38-4790-a5dc-f2a3a1292af7,mindless-gun,43,mindless-gun@example.com
c6d05315-7869-46ea-ad84-ee23bf260b27,oval-thread,32,oval-thread@example.com
270f8c4e-a0f1-4f10-a403-02f431464a28,black-and-white-lettuce,47,black-and-white-lettuce@example.com
827a9f17-bac8-416a-89aa-b7c6c1db46d0,woebegone-teeth,97,woebegone-teeth@example.com
e4f6f08c-0e5a-406e-95ce-e9aa85fa6981,sordid-music,76,sordid-music@example.com
9923a23d-c999-4055-a0c1-8263864fa2ee,jobless-shake,43,jobless-shake@example.com
559954f2-76f9-46e9-a754-a9b4c6ce12b5,charming-wheel,31,charming-wheel@example.com
f87c7086-a3fc-46f7-84ab-4b852b151961,accurate-love,62,accurate-love@example.com
8a0a4c77-06c0-41e3-aa2f-d4e3a968e624,gabby-drink,49,gabby-drink@example.com
54eceab7-4092-4e40-92b8-77ca6fac7af2,scared-foot,43,scared-foot@example.com
27643f59-de49-4df5-ad8f-106ebc79fe4f,juicy-stone,71,juicy-stone@example.com
5f6a6b60-9bc1-4301-8a5f-17d8febb33d6,pleasant-squirrel,40,pleasant-squirrel@example.com
c0d98490-3665-4edc-8976-1bdf15b1f434,extra-large-man,33,extra-large-man@example.com
ed67c1dc-d30e-452d-89e9-637f34071e51,versed-sky,70,versed-sky@example.com
8ec66131-b604-4592-b61f-ce9a64d88a1a,ruthless-girls,27,ruthless-girls@example.com
277408e4-7a1b-4d24-8980-207d2df470e7,overjoyed-stretch,46,overjoyed-stretch@example.com
69f756c0-a7b9-464e-9fc8-764490b4754e,nice-chair,39,nice-chair@example.com
a89ab0e6-d842-4b8d-98dd-526428218ce8,crowded-cart,52,crowded-cart@example.com
f9d516b7-535c-40c5-a809-8c63bb7dcd49,nine-feet,79,nine-feet@example.com
a204b743-e976-42a8-bb79-d1d88cc6aa51,spicy-nerve,37,spicy-nerve@example.com
c4363b91-9a1c-432a-b1ac-a012fe5ea096,offbeat-sponge,89,offbeat-sponge@example.com
c69ee660-fa6e-4b86-b5a3-50555e60a46a,responsible-quiver,79,responsible-quiver@example.com
4ec1cbf3-081a-462a-9c2c-87a585c7d10b,hurried-shape,31,hurried-shape@example.com
14b269a0-0923-4e29-830a-610da35d5718,numberless-bells,28,numberless-bells@example.com
63918812-0772-4543-b322-8bdbde88e4cc,disillusioned-lamp,33,disillusioned-lamp@example.com
76ac988d-ab9b-4599-b6ac-f2859b133c83,economic-flower,71,economic-flower@example.com
7eacfdd1-b6e1-4861-afd9-cd5308716b3a,possible-card,71,possible-card@example.com
856c5fb5-1eca-4dfc-8808-7b575d889e36,numberless-organization,34,numberless-organization@example.com
4eef4a82-1bfa-4c5b-a007-33dde68a453e,reminiscent-disease,28,reminiscent-disease@example.com
ac722a91-ecea-42e0-a03b-aebcd6735ab7,coherent-can,48,coherent-can@example.com
5b176295-3103-49f1-a591-c255b50b0bbc,simplistic-kittens,66,simplistic-kittens@example.com
2f3fe917-b1f7-4dd4-8d0a-d6164f1688ad,fat-sense,93,fat-sense@example.com
77ac1ea4-a869-4f25-9ae0-5fdb29735f07,super-morning,19,super-morning@example.com
f82bb5e2-6a6d-41f8-aeb6-b2bd433f434f,tangible-ship,37,tangible-ship@example.com
8ef8ca30-0d84-4cb7-9c49-2a37371adfe3,acidic-toothpaste,61,acidic-toothpaste@example.com
638f4d8f-837c-4076-8e97-584d040a6723,enchanting-furniture,65,enchanting-furniture@example.com
864a9a77-2c5b-49cc-8dac-73dd8d793c9f,tired-rain,84,tired-rain@example.com
2feedaeb-a1cf-42db-9487-d17cf129e813,callous-development,58,callous-development@example.com
2d48604f-0cc6-49a3-b31d-b2288ac24c05,testy-hair,60,testy-hair@example.com
25224b88-8c62-4724-a5de-934dd3fb1ef4,disturbed-babies,60,disturbed-babies@example.com
395cf99d-ae3e-476f-b200-6739bafa4e8b,invincible-table,91,invincible-table@example.com
cced49a5-57df-4f34-84dc-85dcfee6a892,loutish-oatmeal,60,loutish-oatmeal@example.com
44c71396-e89f-46a3-979c-4917c59ae64b,filthy-board,64,filthy-board@example.com
30478124-ebde-4460-9dc1-3d7232707cc9,puffy-believe,29,puffy-believe@example.com
419b76ed-4e84-4a75-ac13-c37714a63969,material-example,93,material-example@example.com
b6ba5ce0-e73f-43e6-ad96-212caa4ab9ca,icy-hill,96,icy-hill@example.com
05680d96-a2e9-454d-93c7-87b3e020eb56,trashy-hate,99,trashy-hate@example.com
b7260da2-6c17-43c1-988f-f87cc8f7564d,high-sisters,36,high-sisters@example.com
6619c9e6-126e-42d6-9abd-4f9ce2e9ba7c,handsomely-man,55,handsomely-man@example.com
b2393a7d-295b-4517-8fb1-c4514f1d47e3,finicky-boys,78,finicky-boys@example.com
f6fe3568-84d0-4bb5-9b83-4dabe3a8fdef,vengeful-position,43,vengeful-position@example.com
f5dab837-378e-474a-ac14-54d16f24b5a2,mellow-sea,72,mellow-sea@example.com
65a4e56c-235b-46d7-aaaa-489124ab0d5c,clean-heat,51,clean-heat@example.com
9b1d413a-01b9-44d4-ae8b-0706c7d12b52,warm-plot,88,warm-plot@example.com
4ac2faba-4b02-4427-bcf1-3d2ab7df2e33,rhetorical-treatment,98,rhetorical-treatment@example.com
b5bda738-c950-44d9-aac1-be0435841164,frantic-decision,53,frantic-decision@example.com
82413dc0-e2ec-49e6-9191-0e1897a031a6,unaccountable-bucket,38,unaccountable-bucket@example.com
36b10a33-9d56-4fd0-b53a-9f7688b3a356,omniscient-muscle,65,omniscient-muscle@example.com
b8004bc6-7fd2-414e-85e1-69fec2acde62,bright-board,71,bright-board@example.com
ac88cd9b-0609-4bf1-b670-84f265a3c789,protective-worm,65,protective-worm@example.com
7e162567-bd13-49ec-bbef-17d5a750c134,serious-night,39,serious-night@example.com
64c3e167-b1f3-4d6c-9de5-ddc6cc65bd07,faint-coal,45,faint-coal@example.com
d2201f10-4af8-449e-a5e5-683ccb251e0a,rapid-cemetery,98,rapid-cemetery@example.com
cfc48b86-e49b-419e-830e-9ee73911c28d,irate-burst,57,irate-burst@example.com
975d8313-d230-4daf-beac-2bc867438433,labored-popcorn,34,labored-popcorn@example.com
6906cba1-a7e1-4138-b95b-705cec872d65,boorish-building,26,boorish-building@example.com
7875f646-f7e7-4fbe-a581-f8ea1604b141,invincible-operation,53,invincible-operation@example.com
9521f581-7381-4dc1-912a-4059d4ab3e39,bright-planes,85,bright-planes@example.com
eddb212a-f96f-4a0c-b2af-a5c010c6fd51,poised-needle,59,poised-needle@example.com
be2cb166-af00-4ae7-a91b-65b275085c7b,incredible-creator,31,incredible-creator@example.com
45850459-a162-4db2-b5bf-43b9a43360a9,puzzling-tub,84,puzzling-tub@example.com
9779028a-2314-46fd-bd6f-2357e98811b7,combative-spiders,32,combative-spiders@example.com
bf86a951-a78a-4304-b41c-7728fdadd13b,wacky-wood,30,wacky-wood@example.com
ce19414b-2aa6-4b70-8178-8b05f93fc75e,stale-noise,27,stale-noise@example.com
f5ed0779-3b12-4a50-b3be-f742a6d24007,godly-bee,88,godly-bee@example.com
74bbd0f9-7331-486e-a20e-a7a8d8cc30b1,unknown-distance,47,unknown-distance@example.com
b0b27b32-b9ce-4af6-967c-008509125203,elfin-boy,46,elfin-boy@example.com
86184e84-7ae1-42fd-b835-57084c7f0952,elderly-plantation,66,elderly-plantation@example.com
3effdf6a-44a7-4ead-b128-c38b3f7d9357,wide-eyed-snails,91,wide-eyed-snails@example.com
7e002431-799f-42ad-8b32-d9966da92884,courageous-club,40,courageous-club@example.com
381c05d6-0b8b-4d19-9e86-1f423c42f25d,thirsty-back,56,thirsty-back@example.com
c6788ed3-8909-4e3f-8036-125b37f20a74,terrible-cemetery,29,terrible-cemetery@example.com
3c03b3c0-1233-4c60-a88e-420301c57411,scintillating-attempt,41,scintillating-attempt@example.com
6a1781df-f2c2-4fdc-b1a5-1d014a1700be,tasteful-basketball,54,tasteful-basketball@example.com
0b27bb34-2fbd-4a50-b53c-02b127b09681,stereotyped-wind,48,stereotyped-wind@example.com
3320d488-49a6-4d1f-a920-a45d2110a904,expensive-shape,53,expensive-shape@example.com
d206752f-c72c-4c53-bdf6-6b6cc1d85beb,natural-sheep,94,natural-sheep@example.com
d1e45962-c0a6-40b1-9447-40f4731b6b22,macho-pie,69,macho-pie@example.com
3a4eefea-b89c-4497-a9bf-072941a389ff,unaccountable-shop,18,unaccountable-shop@example.com
c9d09ca6-8621-47dd-ac38-7018fee43c91,wretched-paint,25,wretched-paint@example.com
e19f4266-04d5-43c8-9b1a-3e87b30daa92,lopsided-thought,56,lopsided-thought@example.com
d7dd9a66-66d5-4221-930c-0129fde06c84,flippant-achiever,56,flippant-achiever@example.com
c9abfdc2-048c-477d-ba57-c1ed4b3d89f0,happy-tree,52,happy-tree@example.com
3e93621c-2254-4090-a62b-43ee4bbf0b96,tranquil-toad,50,tranquil-toad@example.com
a537edc1-1e77-4f04-ab52-577e867ace74,wonderful-lamp,42,wonderful-lamp@example.com
cfee64e3-cd0d-4a4c-85ea-2fa4183c7baa,scarce-event,38,scarce-event@example.com
afef9a47-e757-46ea-8f1e-5433bbedf997,rapid-pizzas,47,rapid-pizzas@example.com
617598e2-b080-45c7-b833-0d8b962f800e,lamentable-afterthought,48,lamentable-afterthought@example.com
eb3dd9ac-8600-41bd-ab96-88eeb50f5621,seemly-idea,55,seemly-idea@example.com
71f5bb01-a54f-4607-a11d-322f59c3d836,straight-sneeze,84,straight-sneeze@example.com
53acf48e-90ac-4785-b3b4-b0bcd07be211,wandering-mark,76,wandering-mark@example.com
ac892edb-81d6-46bc-81d4-aea350dc1ddf,black-disgust,68,black-disgust@example.com
91af5a34-e31b-4837-9fb0-3fe5ece0e956,lucky-science,63,lucky-science@example.com
605f9c93-0469-4ba3-87c4-fc4c81d13e92,sudden-baseball,56,sudden-baseball@example.com
67df51c6-5035-4675-a037-c53881209256,puffy-cherry,93,puffy-cherry@example.com
e276514d-3dd1-44a3-bf41-e970cb55f16f,homeless-friend,39,homeless-friend@example.com
ff353efe-e173-4449-835e-11150cc659fc,well-to-do-edge,37,well-to-do-edge@example.com
6a4d2f1d-3b78-46f0-b2ad-dd23db495991,astonishing-heart,38,astonishing-heart@example.com
fe67e0fd-b29e-4616-bfab-e47cef7d1664,vagabond-room,73,vagabond-room@example.com
ec13e391-fae5-4158-b314-4f7dc8a5818d,ready-plane,68,ready-plane@example.com
06db2e6f-d6fe-4907-8537-d610cac8ca5e,hot-stew,37,hot-stew@example.com
2a8a2ea0-0f22-4a45-9019-8de648743701,neat-cap,73,neat-cap@example.com
6b0ba12e-2d6c-49a9-a3fe-00a2cdb7e077,subsequent-tree,35,subsequent-tree@example.com
5e19be14-541b-447d-922b-9d7f4bf66833,truthful-grain,50,truthful-grain@example.com
06afde92-3e80-43d7-ab73-858237ae6e58,mellow-jelly,63,mellow-jelly@example.com
041c1978-6b6a-4060-9db8-ac131175ba38,recondite-reason,85,recondite-reason@example.com
5fcc2315-1ad6-4f1f-be50-b7e3e5bf2598,grey-sheet,69,grey-sheet@example.com
ea68748a-4541-47cf-9edc-945bcd5f9aad,clear-bath,83,clear-bath@example.com
091f906d-1813-47d5-996e-ae4cbe142d8d,material-horse,58,material-horse@example.com
29701d50-2e88-4e54-8702-afbafb3636e2,superb-park,44,superb-park@example.com
58bad5c8-6ee8-447d-9036-16944c103b56,abashed-jellyfish,94,abashed-jellyfish@example.com
e4f90c77-e969-494c-b3e4-2fa66d81d705,married-history,44,married-history@example.com
82a5cbd6-e40a-4199-aee6-bcdcb7c778d4,thirsty-dogs,21,thirsty-dogs@example.com
7c824fe1-11cc-4113-ae5c-e52478615596,alert-fiction,62,alert-fiction@example.com
ea842364-c09e-4bba-8d5b-46a6b02cf5c4,troubled-alarm,40,troubled-alarm@example.com
d5fb5f45-de62-4d11-a061-c3404eb11cd5,labored-butter,42,labored-butter@example.com
95ac8575-abe7-4082-bb36-84a6db13ef1c,snotty-angle,76,snotty-angle@example.com
8ef113e9-b96a-4d7b-b634-fc06971d5694,malicious-tax,89,malicious-tax@example.com
e81c94d0-cab0-4a0a-b36c-d9f56f6e08cd,lonely-cent,88,lonely-cent@example.com
994809a2-a4f9-4b60-a1e2-5a66a90dc18a,sedate-partner,94,sedate-partner@example.com
2c6b3955-b76d-48f5-b374-582ee794a131,thirsty-stem,71,thirsty-stem@example.com
36f62ace-4cff-4e17-b22d-609185e926ec,unused-watch,79,unused-watch@example.com
dec8f36f-cde9-4d97-b8ce-c8ae03ba8e90,quarrelsome-flame,61,quarrelsome-flame@example.com
eae603a8-5b74-4a51-98a8-aef53c03bf30,oafish-land,25,oafish-land@example.com
dd7f4818-ceb6-4525-a529-ed10c99e1b06,romantic-wheel,88,romantic-wheel@example.com
e8e3fa97-70d0-4b2f-a42e-152b0be925d0,physical-rod,53,physical-rod@example.com
150a4601-7f55-438d-b736-3c1dcf62d204,scrawny-manager,44,scrawny-manager@example.com
f53c27ba-1bb5-4465-94a4-45bc5240aa4a,troubled-stretch,35,troubled-stretch@example.com
975fbe25-d645-4865-a955-ea923d9465be,tearful-rub,31,tearful-rub@example.com
11d06143-ea39-4ff8-873c-12c553911163,hallowed-top,81,hallowed-top@example.com
abf6b839-92c8-439e-8021-98f26df09367,foolish-thumb,28,foolish-thumb@example.com
7b79ea87-c4cd-4879-8ce2-83443dc61e7a,blue-eyed-fear,61,blue-eyed-fear@example.com
669892ba-cf89-4fd9-a459-ef1be2451cef,ultra-bone,54,ultra-bone@example.com
9bcf45d5-b86c-45f6-b9e5-4e05b7bf3983,flippant-cherry,68,flippant-cherry@example.com
a08eee6a-d6c0-45ec-a757-88a984a68608,dull-patch,29,dull-patch@example.com
8f90ad01-d8ed-418b-b272-a01d41238d3b,ordinary-force,72,ordinary-force@example.com
5cfef96d-83f5-4346-a417-39501c0c50e9,ablaze-noise,97,ablaze-noise@example.com
0073e71f-21ab-4be4-9a15-df4a79448db0,willing-border,57,willing-border@example.com
cff7159a-c8c9-45fa-86c7-ffb7d97d64ba,trashy-night,87,trashy-night@example.com
5cf3374e-2adb-4d10-8a70-b96aa76002d0,understood-joke,80,understood-joke@example.com
73a50ef4-5a1c-4c6a-a488-34b65a0bd11f,hushed-wren,52,hushed-wren@example.com
89d3a359-d6b6-4a81-9a8a-a960ac02aef9,macho-spade,97,macho-spade@example.com
f0e532b9-f4d2-43b0-84d5-931e1d5babaf,quickest-able,63,quickest-able@example.com
06b4ba61-b64a-4ce2-a1b6-c8f8b87ee0fe,grouchy-thrill,72,grouchy-thrill@example.com
90044f6c-2db6-437b-b705-538cc46b7ad4,abortive-jelly,93,abortive-jelly@example.com
6f1fccf8-9326-49a5-8738-ac32bbc82ad8,somber-country,84,somber-country@example.com
1074b701-e1d3-44e9-b0da-8f00cae83e3b,long-term-fish,43,long-term-fish@example.com
f3035496-4ad9-42cf-9303-d0ad2b48ef63,economic-rhythm,21,economic-rhythm@example.com
1243b0ce-6c81-433c-ab5f-89783c7baf8b,glorious-beef,62,glorious-beef@example.com
ed5394d3-2a10-43a5-bc37-51a3898c5a68,equable-bird,36,equable-bird@example.com
76f7cb89-7b6f-4d83-b0d2-2410b2f08b9c,jumpy-crowd,91,jumpy-crowd@example.com
deb3d669-9e8b-4f48-bd28-3d0ce76030a7,enchanting-increase,36,enchanting-increase@example.com
f6605a7f-d77b-41aa-ac38-c56dc40be852,womanly-skirt,99,womanly-skirt@example.com
2b9f2f00-2e8f-4f51-80b7-70cec72f2320,dear-sand,89,dear-sand@example.com
275953e6-975b-4a85-9f19-05b3344e4e4a,nebulous-string,42,nebulous-string@example.com
b653e0f4-fad4-4c69-94ac-261d8198b8e9,foregoing-lunchroom,79,foregoing-lunchroom@example.com
296f9668-0e8c-4e87-8a04-598cf3bc883a,spiritual-sound,93,spiritual-sound@example.com
38fe1b3a-dd0e-486b-bdc3-956eaca4daf2,snotty-manager,32,snotty-manager@example.com
ecbcb06d-4f46-44c8-8050-592abf6522e1,fanatical-ducks,27,fanatical-ducks@example.com
4b2634bb-b83d-4f98-b380-9fbc6aa5e36d,mixed-men,45,mixed-men@example.com
ddfa586a-05d0-4336-8387-99aaba07fa03,highfalutin-hose,61,highfalutin-hose@example.com
a4297e03-7e8d-4459-a2b0-ea3c96705795,evanescent-clock,86,evanescent-clock@example.com
ce072c90-f59c-49c1-8083-f68f7640d68f,shut-quilt,82,shut-quilt@example.com
46fa65ea-a665-4464-bdd4-6c48017a9fd5,weak-process,50,weak-process@example.com
e4dddfbe-d349-4ba4-92a8-fe555a175a75,berserk-mint,37,berserk-mint@example.com
9ff560f7-27b7-4eba-93f7-a7234a6d79a8,clear-reading,40,clear-reading@example.com
84555a43-b22e-492d-955d-f859a3b362d2,spooky-soda,54,spooky-soda@example.com
678d22fd-e1c9-4efb-8d9b-6198a74d3f3e,distinct-baseball,35,distinct-baseball@example.com
0b0629ef-0909-4f6c-9181-ac4ebdf5d5a1,knowing-fog,36,knowing-fog@example.com
93e7bc9d-0692-438b-b654-631d686cd5bd,beneficial-push,69,beneficial-push@example.com
120ef7b0-c808-4cce-80da-41bfa5b83d6d,defiant-sort,49,defiant-sort@example.com
82e4de8a-57f8-49f9-aee4-8db3d5fe21b5,capable-garden,69,capable-garden@example.com
737a0bdd-5ea8-414c-b28e-8d6273fbfed4,powerful-voyage,42,powerful-voyage@example.com
19e4c98a-45ee-42b3-b9cc-e8631515210b,boiling-effect,20,boiling-effect@example.com
14ee02ce-afc5-496e-851b-b3fdbb47aefd,quack-clover,85,quack-clover@example.com
57611494-88c3-4dfc-b128-b2945687214e,bawdy-value,67,bawdy-value@example.com
92494f35-c92c-4392-b23b-68ff8de28293,shallow-surprise,55,shallow-surprise@example.com
06d3aff6-9db0-4d4b-b2b0-8830356a0dbb,level-shirt,65,level-shirt@example.com
54c52b76-6cfc-446a-9b3c-86e4a80abdb2,ignorant-zebra,43,ignorant-zebra@example.com
4d23df53-7b45-4ae5-a3d9-13eda2ff602d,irritating-feet,36,irritating-feet@example.com
3905013a-3a9c-4d08-bf68-4e3a7531255c,better-blade,87,better-blade@example.com
9bb50940-d2a2-44b1-98bc-eb5d62031e68,disagreeable-dinner,67,disagreeable-dinner@example.com
015c11b2-c69d-4333-9b15-80e02a925d4e,possible-peace,40,possible-peace@example.com
68ac4249-5aa5-49cc-970c-6853420ca94b,itchy-toes,97,itchy-toes@example.com
3328e94a-179c-4e24-a0e8-fb1f90a77888,zonked-class,59,zonked-class@example.com
06a2ecec-3ecb-42f2-85cb-7786b1810d65,lopsided-bone,30,lopsided-bone@example.com
92bd536b-7395-48b9-a030-f9151221eab8,draconian-eggs,67,draconian-eggs@example.com
ea5f0bb4-ff32-459e-a6d6-40860c272d9d,wakeful-locket,97,wakeful-locket@example.com
77c89295-32e9-416c-a487-41587585a86b,sneaky-crack,84,sneaky-crack@example.com
aa4d4929-b6b8-4e65-8dab-761723f4df87,overjoyed-party,40,overjoyed-party@example.com
91e13058-c947-4f30-97f9-acef7185a927,first-business,28,first-business@example.com
e7b5daa7-adc6-49df-99cc-9a563dbe8bcf,inconclusive-connection,90,inconclusive-connection@example.com
21f5425f-af00-4fa1-9c5f-3c617b7fde2b,illegal-bedroom,64,illegal-bedroom@example.com
64109318-2b7d-4d54-93b3-103fe8e23ed4,temporary-good-bye,26,temporary-good-bye@example.com
b7baacf4-7dd3-411b-bb0d-2dc371abf712,rightful-star,64,rightful-star@example.com
0231934e-ed55-4096-a753-b023af382360,valuable-leg,30,valuable-leg@example.com
7db4b777-5f02-4d5a-b6b0-dbcaef1107ca,maniacal-cord,91,maniacal-cord@example.com
39e1ec7e-5464-4f7b-90df-9dd1756f1c7d,tidy-machine,57,tidy-machine@example.com
c2b6e48c-29e9-4843-be21-b0105e15e72e,greasy-notebook,66,greasy-notebook@example.com
448d9649-911e-467c-abbd-0ca0c7244f41,spotted-cry,74,spotted-cry@example.com
e9b56eee-6293-4d24-a6ee-e384ecbb255d,tasteful-argument,85,tasteful-argument@example.com
b9291990-2f78-4102-a36b-078e0c818034,weary-heart,25,weary-heart@example.com
776a768c-5c2a-4d8d-8c3e-506c20984d27,spectacular-quartz,95,spectacular-quartz@example.com
2ffa01fc-e3ce-4655-9a30-34365b05ad82,plausible-sheep,65,plausible-sheep@example.com
bc734c8f-8068-4c55-bf7b-fb3162aa5920,medical-cabbage,28,medical-cabbage@example.com
bc01f0d3-0676-4e2b-84e5-80af56dbafbb,guttural-point,32,guttural-point@example.com
93c46079-62fd-4909-8fd9-06ac4aaa3094,foolish-prose,88,foolish-prose@example.com
246aa71b-1bd2-4eb5-8742-a033ecb72e39,picayune-home,89,picayune-home@example.com
bd864983-1675-4c2b-9976-5611d381e81d,murky-invention,61,murky-invention@example.com
780591f3-e834-4942-add8-14828bfce608,silky-division,62,silky-division@example.com
10e186e1-5e88-4610-8110-d0eb1fc8580c,poor-alley,38,poor-alley@example.com
cfe0a561-63f4-4d05-aa5f-481d7b91418f,defeated-mice,45,defeated-mice@example.com
368463c1-d941-42c9-85f7-0230af23b79b,labored-twist,91,labored-twist@example.com
b586973b-8979-401a-b7da-13585d7b97e0,questionable-arithmetic,49,questionable-arithmetic@example.com
dfb6d8d4-567f-4440-80db-3ea5cb3b644e,zealous-jump,51,zealous-jump@example.com
9e64f5a5-9b94-4ed3-9693-158d8fe09025,tall-grape,48,tall-grape@example.com
acc67ce0-3ad7-4720-9260-685898ecf31d,uncovered-brothers,84,uncovered-brothers@example.com
412e0d75-60e5-4387-aa54-22f2a8b4bae0,hurt-sleep,79,hurt-sleep@example.com
c883bca2-34b3-432a-94ba-13256302969b,damp-arithmetic,36,damp-arithmetic@example.com
e74f80ab-1c8a-4f8d-8f2e-8560e50a53e9,married-fiction,29,married-fiction@example.com
fc9bae23-8719-45cf-9dc9-fa71e537d929,hapless-degree,82,hapless-degree@example.com
0e7c1b8b-a43b-4e5d-b425-6ad81d4a0f82,spotty-rhythm,91,spotty-rhythm@example.com
9529d1b8-e582-4a50-ac76-420f2514dd5c,messy-journey,32,messy-journey@example.com
8b6bb1e0-2993-41d1-9de7-80685ebeed9b,furry-celery,39,furry-celery@example.com
e3c638ca-9e26-46d7-9d4e-4248ca0a7485,giant-goldfish,57,giant-goldfish@example.com
3c537c2b-dbd5-438c-9505-c5ba07233ea4,gratis-apparatus,48,gratis-apparatus@example.com
d14043dd-cb16-4bd4-a618-e21377a5b892,wry-calendar,92,wry-calendar@example.com
bd6b1f89-f713-4478-badc-f4f6a4f6a460,workable-drum,29,workable-drum@example.com
a29eeeac-8274-4cfc-8f6c-22990ddfe335,invincible-thread,53,invincible-thread@example.com
180f6e09-72e9-4572-9313-02fb696aad26,painful-sweater,82,painful-sweater@example.com
19da7fb3-9d4d-47c2-9a7c-f4c480607610,itchy-queen,82,itchy-queen@example.com
b1efb9c4-ae7b-4d67-b39d-3ff38db5002a,damaging-head,39,damaging-head@example.com
9caf5bdc-3ca7-43e9-8217-160ed34c1274,premium-market,97,premium-market@example.com
2543c4ae-3dfd-4e39-bc7a-56bfaf912cbd,helpful-skate,72,helpful-skate@example.com
9b90637f-2660-402e-a89f-c0fbe95c5413,gratis-force,65,gratis-force@example.com
1a7e9fe8-fdd6-4d28-bc37-820ed13ecb2d,frantic-hobbies,71,frantic-hobbies@example.com
435a5d43-e896-4363-9fdb-5b26df546f3a,roasted-lunch,51,roasted-lunch@example.com
5c50f4bd-8924-4d77-ae28-3cbb443d60c4,enthusiastic-babies,86,enthusiastic-babies@example.com
087cc160-2558-4dc7-b272-ace7a45f0423,resolute-rule,33,resolute-rule@example.com
faa49fbe-a1a6-418a-b2fd-47cdbda0c972,nauseating-holiday,22,nauseating-holiday@example.com
9566f936-f068-4664-8c71-045122f09ccf,possible-writing,40,possible-writing@example.com
7d569a9a-1415-4cea-bccd-e449729a5950,incredible-waste,34,incredible-waste@example.com
5e1df2ad-d5d2-4dbf-bd40-a8ef63ce4b88,rustic-bait,50,rustic-bait@example.com
9c62cdaa-812b-4d66-a88d-613a9eecfc18,swanky-rings,57,swanky-rings@example.com
344e995f-0240-4a7b-abf9-06b962631374,outstanding-summer,74,outstanding-summer@example.com
e3972890-c263-40b3-afb5-3d3bb70674b1,materialistic-kick,68,materialistic-kick@example.com
617b5c13-be19-423b-b9ad-7e0423b3fa98,wise-stick,69,wise-stick@example.com
40ddd54f-41c3-406b-b31a-99f15ecd73df,ill-fated-brick,68,ill-fated-brick@example.com
3158c075-742b-46d3-82d2-ee30775d4d21,enormous-van,83,enormous-van@example.com
5cae5edf-fa57-4a7b-af65-e745a3614125,romantic-game,86,romantic-game@example.com
14dba34b-164e-48b0-96f1-06c15bd4df50,scattered-mailbox,59,scattered-mailbox@example.com
f55c2acf-0d4f-4e0b-bcce-7c8138347ecc,cute-plant,62,cute-plant@example.com
2aace220-db92-4288-af4c-116e4f77628f,heavenly-tin,87,heavenly-tin@example.com
aad58ee6-11f2-41d6-b5fd-f8249b9993d0,abaft-rose,83,abaft-rose@example.com
b4cddf0e-6a54-4c27-9f29-fd6d8f5e5ea8,wry-coach,59,wry-coach@example.com
1a17a7f9-3f40-4ebd-b1b1-68b0f3b024db,chunky-beast,84,chunky-beast@example.com
8e98f45b-40ac-4341-9dec-9a33824c57c9,majestic-horses,24,majestic-horses@example.com
7a90dc42-83df-4115-9707-e040f16f8d85,low-pull,83,low-pull@example.com
eb4db00c-1c90-41ce-add3-7df89dfff3c4,neat-wool,60,neat-wool@example.com
84ea6034-71ee-40e5-8eb0-73170795edbf,unusual-stone,78,unusual-stone@example.com
7665449e-2679-4cb6-9a94-5293a85ae487,complete-respect,92,complete-respect@example.com
e6e490d9-2978-416e-9e74-02d644e6ed08,stiff-receipt,73,stiff-receipt@example.com
cc73c3d3-8628-4237-8afe-be9b3b9a55f2,bite-sized-dolls,47,bite-sized-dolls@example.com
fca07b1a-4afd-4941-b261-0443456807bb,bitter-bite,62,bitter-bite@example.com
523f3063-9b07-4eae-b613-1520325a2b11,skinny-chess,26,skinny-chess@example.com
f0525877-bca3-416b-81d1-d21a1a824711,itchy-queen,25,itchy-queen@example.com
1441dfa8-d802-4767-b039-cd9889d60161,flagrant-sun,43,flagrant-sun@example.com
228695a1-8b53-42ef-9ca9-118755a41600,special-trail,84,special-trail@example.com
8ff50518-0daf-43d2-8b3e-882c6c9a22c0,lackadaisical-morning,79,lackadaisical-morning@example.com
6c43e89b-86e7-4c46-b2fa-302a91229d11,opposite-tank,63,opposite-tank@example.com
ac595bc1-0725-4773-a44c-fb365e8af065,healthy-loss,74,healthy-loss@example.com
ed8f6b53-1546-446d-8c23-c8f4b18fc73d,average-snow,75,average-snow@example.com
1a5073a7-8b41-4eaf-9729-5d109bf6d0b3,military-baby,61,military-baby@example.com
707ffd71-564c-4e91-8446-f8970f73846b,dusty-temper,36,dusty-temper@example.com
63f3a6a4-8ef0-4748-b40d-33f957577674,tasteless-lock,93,tasteless-lock@example.com
148ca0a0-ab17-4a95-9a30-5e08fe1123ab,malicious-story,64,malicious-story@example.com
197ecd9e-0fb6-4161-b09b-ee806e414870,learned-humor,61,learned-humor@example.com
ea3d9db9-afc9-4f2b-9e99-e72a4b7533d6,capricious-heart,19,capricious-heart@example.com
4b2cb883-b423-4772-95b5-0c2ececd1e85,roomy-clover,74,roomy-clover@example.com
05299877-d57f-44bc-81d4-da806048639e,poised-plant,88,poised-plant@example.com
5b6532e2-227e-4d63-b714-f02ce9bf176e,strong-dime,44,strong-dime@example.com
9800342c-3fdd-452a-bbbd-432c7ff6cb24,jealous-humor,78,jealous-humor@example.com
0b2f2016-4ec8-43d8-928f-7249c92aea2a,whole-cork,82,whole-cork@example.com
cc8fb33f-2e80-486d-8fe0-24e18ac6c517,heavy-branch,23,heavy-branch@example.com
332fbf86-5c6c-44b4-8975-c7cdbf180374,faithful-decision,47,faithful-decision@example.com
6ecc86ed-22d7-4237-9d58-458593826148,disillusioned-cup,50,disillusioned-cup@example.com
d63c5fb7-9bc8-4289-b79b-7baaf12c5d34,noxious-sheet,96,noxious-sheet@example.com
b9433964-c606-4c45-bfaa-c2bab74a62a3,lewd-hen,46,lewd-hen@example.com
96d83467-ca01-446e-a62f-8cad1822458a,pushy-street,47,pushy-street@example.com
8c055fae-f050-4e9e-a733-902e00c5fe7c,jittery-committee,56,jittery-committee@example.com
e041077c-60a7-4219-9683-cf2fa46a5942,fumbling-girl,44,fumbling-girl@example.com
ab8f988c-f34f-498a-b3fd-c375ed309b66,evanescent-bear,98,evanescent-bear@example.com
0bb53233-99ad-4474-adde-9574bb13e479,garrulous-fowl,50,garrulous-fowl@example.com
b70887e3-7545-4a2e-80ad-1b406e372165,womanly-print,36,womanly-print@example.com
66ac9131-3d2e-4a19-9069-3decfc41e655,noisy-police,74,noisy-police@example.com
4488ea99-76d3-4827-a4fb-2672b7348e88,spiffy-drink,62,spiffy-drink@example.com
b9767f24-7b3c-425e-b04b-7017985744e2,foregoing-hour,94,foregoing-hour@example.com
9d5bda62-4673-4f9a-b0ad-51425c7f1320,high-pitched-division,51,high-pitched-division@example.com
5d6c22fa-e331-4002-a39a-792ff8d0e35b,organic-structure,25,organic-structure@example.com
f0b51563-bb71-4148-b3fe-61ea1468d760,gifted-company,52,gifted-company@example.com
6431891a-2035-4ddb-a861-a9cd04c86bd3,psychedelic-popcorn,34,psychedelic-popcorn@example.com
e7b3586a-c925-44ee-a34f-783e3774dba7,shaggy-brake,84,shaggy-brake@example.com
2e9c14b1-6f5b-46a6-98b9-5bafcfdbf8bb,highfalutin-tub,78,highfalutin-tub@example.com
a57c373f-3dc5-4c57-95b1-cceef3c007d7,juicy-bike,83,juicy-bike@example.com
c42425e4-6743-4128-b0da-00cd62107bc7,absurd-attraction,92,absurd-attraction@example.com
95bf206b-b0f4-410c-818e-ba19f3a42bf2,inconclusive-effect,93,inconclusive-effect@example.com
cce9b82d-b021-4294-b9d7-3248c6364385,daffy-voice,24,daffy-voice@example.com
82dfbeb0-3c95-4eed-b86a-53c9287aacc8,shaggy-bridge,65,shaggy-bridge@example.com
e3441ef2-2481-4510-bedf-b830ccb8ac5b,overwrought-grass,53,overwrought-grass@example.com
ae7027f1-b218-4f4d-b10d-fd1b71a448a2,clumsy-horses,60,clumsy-horses@example.com
3d86c2fc-7df9-48dc-8616-21d95cdb51c5,mute-low,81,mute-low@example.com
d723f124-ba77-492e-8cb4-5b1637808f17,unwritten-error,66,unwritten-error@example.com
c6bb78f2-3b75-44d2-bb15-627650424220,madly-banana,95,madly-banana@example.com
f9006c71-1763-493a-8267-3dd0d37a0111,odd-goose,27,odd-goose@example.com
b683c157-e46d-4a23-a70e-b3f4ea624997,exotic-view,33,exotic-view@example.com
497de5d9-6981-4d72-82e6-3784ef2c385f,fast-rub,63,fast-rub@example.com
ce16755b-b89d-42ff-93ed-41dcb435a950,towering-vacation,32,towering-vacation@example.com
69932b0d-72ab-4440-be93-c5f6ea7ddd22,dirty-work,85,dirty-work@example.com
7554734e-cfa7-45cb-bb44-9d48cc3f0d1d,female-fairies,64,female-fairies@example.com
8dd88073-81a5-4042-8f89-acbefa0e9b75,infamous-farmer,27,infamous-farmer@example.com
f10888bf-b030-4eb7-ab2c-4476fc5f7b26,horrible-mass,53,horrible-mass@example.com
f6673989-4b58-447e-815f-e50572f08053,acid-aftermath,84,acid-aftermath@example.com
26ba1815-1274-4a2a-ae86-6c14d52ad0ac,absent-kiss,52,absent-kiss@example.com
0e622afc-c035-462a-a352-f03679aa3151,mixed-camera,81,mixed-camera@example.com
ae672610-f75f-4e13-9dd7-8fc94478a2f8,marked-letters,48,marked-letters@example.com
c3f0f064-57d9-44ee-b49a-594e01c826ca,knotty-pie,20,knotty-pie@example.com
ffb57fd9-a07c-4e6f-b882-29951d13cbbb,better-downtown,24,better-downtown@example.com
7a50d51f-1240-40c6-9dce-f6271684b9f5,misty-baby,92,misty-baby@example.com
2f4f1696-37e7-4262-a8e3-fa3d920a55c5,late-cloth,66,late-cloth@example.com
4a6afeb4-964a-4a7a-b009-1403f8b208cc,abortive-zebra,21,abortive-zebra@example.com
b579daa3-c2ae-48d5-907b-c5031de07f39,moaning-lead,29,moaning-lead@example.com
41feb2b4-b3cf-4f42-92f7-cd33a11ae712,flat-government,47,flat-government@example.com
16f7b447-bae4-4209-8627-788e3fb36c75,inquisitive-lip,75,inquisitive-lip@example.com
0afac617-a1f0-4a71-b44e-7301a2cdb4d3,tiny-stove,92,tiny-stove@example.com
019d38f3-d4e1-4e5f-aedf-f9811ca922cc,disturbed-pail,62,disturbed-pail@example.com
9cf85cd6-d9a6-46c2-abab-3ff246c5192d,hurried-sock,38,hurried-sock@example.com
cb636aad-d448-4173-b80e-1b6c7e5497bb,labored-hands,45,labored-hands@example.com
1961b5ba-8eb7-4aef-a56e-3c7c4e3745fc,detailed-income,21,detailed-income@example.com
21cc7706-dfe4-44f6-baf3-7b7ce5ab018d,salty-lamp,52,salty-lamp@example.com
dce7c1f6-b53d-48ee-aef7-e4c5b4468065,oceanic-cellar,19,oceanic-cellar@example.com
28e65435-5f50-49e9-ac83-40e04ca31c9b,colorful-kitten,54,colorful-kitten@example.com
f301808f-1542-4324-a189-b06e53c1e6ca,fresh-tail,75,fresh-tail@example.com
dd0c6aab-8806-4419-9e01-7f5012cf2fad,woebegone-journey,49,woebegone-journey@example.com
67fdd204-efdf-4477-9e74-81b19f355d03,mammoth-geese,24,mammoth-geese@example.com
f68fb5a7-4d5c-4c65-ae08-81465085e61e,nervous-cover,49,nervous-cover@example.com
73a483bc-85d3-4ae2-97ac-6d08718b55c8,regular-punishment,19,regular-punishment@example.com
bfbad5de-3eef-4c7e-8557-924eae3c4651,voracious-stranger,47,voracious-stranger@example.com
b453fe04-b75b-40ae-b3ea-8049cfec2341,adjoining-food,31,adjoining-food@example.com
16b5bb7f-97c2-465b-a135-ae6e960505ca,terrific-horn,63,terrific-horn@example.com
f013b948-ac08-49eb-bdfd-a0c160bd7d60,wistful-oil,60,wistful-oil@example.com
acf0a751-41c3-43ca-bdf1-f808aa71e1f6,determined-reason,60,determined-reason@example.com
e8e359ba-acbc-4989-9c70-1380bddf4a1e,woozy-flame,27,woozy-flame@example.com
be6f216b-83c9-4342-b101-152ad4db975a,fluttering-polish,21,fluttering-polish@example.com
89f81abc-d91e-4658-8fbb-3c9c8305072e,adhesive-band,32,adhesive-band@example.com
bc286b94-3279-4301-bfbb-302f7e76461c,absorbing-mass,67,absorbing-mass@example.com
89a25cf4-82a0-401a-bb61-1bea6fe99847,obeisant-cows,98,obeisant-cows@example.com
61da8346-304d-4f6f-93ed-da5381431b4c,observant-month,51,observant-month@example.com
81fd993d-d983-4011-8232-391465c0a32e,depressed-war,35,depressed-war@example.com
9eb6648d-7d55-4727-9211-b3fb1d6ad71e,noiseless-hook,38,noiseless-hook@example.com
020de18b-ac37-460e-b21f-d6822a831739,well-made-circle,87,well-made-circle@example.com
1653df30-f569-4f5e-9b46-2033e8a1138c,spotty-color,56,spotty-color@example.com
751354a3-55bf-4971-a1e7-9d5190eb4f5a,wicked-test,53,wicked-test@example.com
cd764764-0b03-4419-9a0f-b17619147562,quirky-bulb,61,quirky-bulb@example.com
16cfdaeb-7c02-4369-9856-31af8be87390,healthy-anger,82,healthy-anger@example.com
3d82edfe-e00d-4292-8799-935d3def4c3b,dry-alley,74,dry-alley@example.com
6d59068f-eb2a-4f0e-b1d5-b974cf8cf5f6,naive-creature,19,naive-creature@example.com
ef2750c8-c2cd-4c11-9802-658bf2479d9c,barbarous-dinner,80,barbarous-dinner@example.com
896eab2d-31b5-44c1-81e2-655fa540cc39,icy-chin,28,icy-chin@example.com
7bce3964-1c66-4759-badb-e357db50145f,hesitant-key,31,hesitant-key@example.com
19e5cf46-ce5a-4a0a-b3e2-2652e323686e,lumpy-learning,71,lumpy-learning@example.com
9f6f4534-99b0-4dc7-a639-702dc2113e0b,unwieldy-egg,89,unwieldy-egg@example.com
415beddd-5de4-480b-8e2b-726708eeb8c1,overwrought-seed,49,overwrought-seed@example.com
ec8f7c8d-56f4-4317-ad17-01bc9c137992,combative-soda,88,combative-soda@example.com
ea467e1f-f3c7-4926-9c9b-93e9fa7e6cf3,yielding-park,47,yielding-park@example.com
6a88202d-83e0-40f5-976b-adb544512f35,hideous-home,73,hideous-home@example.com
e7fd7649-d985-45fe-b341-b00f3d8fcf06,inexpensive-turn,91,inexpensive-turn@example.com
bb9d4968-4044-4ca4-b185-399baf98f92f,rightful-pizzas,29,rightful-pizzas@example.com
331dc167-b9c0-404e-8b00-080c0404e674,wandering-nut,92,wandering-nut@example.com
8da988b2-ab67-4b4d-b5d5-94314fac6022,chivalrous-eyes,18,chivalrous-eyes@example.com
8896bea7-c75b-439a-81bc-754f8b640760,shaky-treatment,84,shaky-treatment@example.com
e821faf0-15db-49b7-bff7-c57e5c998334,descriptive-wealth,83,descriptive-wealth@example.com
c41e44a6-00f7-46de-8714-db6565458d62,uninterested-crow,70,uninterested-crow@example.com
b1be1f5a-ac9d-4d83-81fb-0ee0e9f27d67,hard-to-find-minute,72,hard-to-find-minute@example.com
fad53354-9fa7-4d57-aacf-83827c8669ac,literate-office,60,literate-office@example.com
52f924e7-d9aa-42a1-902b-b2b163bcd94f,quack-man,23,quack-man@example.com
bcaa6048-908a-4b64-b8dd-f654e0ace0ff,unbecoming-ray,29,unbecoming-ray@example.com
23c374f8-0f59-4e5b-81a4-276defe9ca59,innate-home,56,innate-home@example.com
de16c64c-54ac-4029-9881-4f91b150526b,waggish-hearing,59,waggish-hearing@example.com
e6824f08-8049-4a6b-a17b-a0b7708b8e97,daily-ear,87,daily-ear@example.com
5c11163f-3afd-41cf-a1d5-94bd0541b3de,alike-respect,78,alike-respect@example.com
6c139d79-2ccb-4ebc-9e14-5866d92819cd,festive-shade,75,festive-shade@example.com
d9363b0f-c111-4927-affa-47fe15e1ca1b,handy-morning,52,handy-morning@example.com
987be690-172d-4840-8727-1527f9e7a2e3,energetic-degree,85,energetic-degree@example.com
c86a011a-bd6c-4532-96d2-9e358fa86adb,real-afterthought,23,real-afterthought@example.com
f98963f7-6bab-4c58-a630-680bcd79ba0d,receptive-bird,38,receptive-bird@example.com
68c7fdc6-fb7a-4f3f-9fe3-859ea55da99b,rustic-range,31,rustic-range@example.com
78e41f99-342f-4c6d-bc37-b58bc6b92312,tedious-branch,48,tedious-branch@example.com
c5733a2b-ffc1-43d8-a9de-241a112f8f19,marked-skate,81,marked-skate@example.com
e9760c0f-e527-486e-b281-9bd8128d08eb,brash-digestion,45,brash-digestion@example.com
c330a694-e4ac-447c-87b2-84354fecbdab,spiffy-sheep,52,spiffy-sheep@example.com
035f3997-395c-41f0-a1e9-13320b43e6e6,screeching-sock,35,screeching-sock@example.com
1b51028f-ab57-4d66-820e-7b1c3826d0af,nondescript-death,88,nondescript-death@example.com
fbc3c1d5-2867-4c7b-b880-5af24e39c221,pushy-letters,72,pushy-letters@example.com
1c80ffcd-0bb2-48f6-b067-045acc39091f,adventurous-mice,33,adventurous-mice@example.com
3982f53d-0049-4b8b-b8f2-2ca2b7846ead,phobic-act,61,phobic-act@example.com
c528bb33-ef81-41ab-b6eb-35215eab3c4e,sloppy-star,80,sloppy-star@example.com
102408f4-1b30-4496-a44a-d7d7e149b793,abhorrent-bedroom,33,abhorrent-bedroom@example.com
d18f510e-9abd-4ef5-8e70-2def319be182,psychedelic-mask,82,psychedelic-mask@example.com
0667b00b-5594-4e32-be85-d1298eb5c8d0,sulky-throat,19,sulky-throat@example.com
f286aa2d-efa6-427c-9e34-a57cf314489c,toothsome-trees,29,toothsome-trees@example.com
725fce12-80a8-4c10-ae32-2acb89cf7271,onerous-blade,37,onerous-blade@example.com
9283c86c-e02b-4f85-b978-4917dcbe2976,confused-arm,29,confused-arm@example.com
ed9b3693-9e8d-434a-a022-d219ad49678b,rural-stranger,71,rural-stranger@example.com
7238588d-c2f0-47a6-ad27-35990e6a2ab3,verdant-chalk,40,verdant-chalk@example.com
d9d6463a-4b7a-4dfa-a908-9681c81375e9,rightful-growth,98,rightful-growth@example.com
98167254-0d1e-47bf-8a57-d38d71c86ff0,unsuitable-paper,45,unsuitable-paper@example.com
0e21f123-5e24-4a31-929d-a00cc9a24da8,short-face,74,short-face@example.com
46e743e8-ca2b-47b9-9f3d-06151b77ba1b,unique-hobbies,65,unique-hobbies@example.com
26526e31-6400-4272-b5a9-373e4f89f713,plausible-change,67,plausible-change@example.com
308690e4-1e56-4003-9a66-48f57323e054,tall-floor,84,tall-floor@example.com
3091417a-0cbe-4af9-afe0-668962bf8135,stupendous-lizards,59,stupendous-lizards@example.com
a897e867-f5b3-4f37-a7de-225e61e59db2,functional-wall,23,functional-wall@example.com
1e4e63f2-745b-4ff4-b280-aa3a157a56d6,equal-juice,74,equal-juice@example.com
99f76289-ad2a-422a-b9ab-d445db1fd936,precious-birds,36,precious-birds@example.com
95db67aa-b9ca-4e6b-ae6e-cadc8d89a752,nonstop-acoustics,73,nonstop-acoustics@example.com
28083ce6-716d-4423-a1d4-f1bf21c73e87,chilly-feather,39,chilly-feather@example.com
b1c9e303-a097-4a1b-a7e6-765e2a93cb6e,belligerent-system,59,belligerent-system@example.com
53dd5426-0d1e-4374-96b5-75dbdb94fdaf,cruel-society,39,cruel-society@example.com
380fc5df-0c50-4815-9576-6b1c5f838901,heady-brake,65,heady-brake@example.com
5c0af5db-a308-4079-8a4f-d3e2582623d4,overwrought-learning,96,overwrought-learning@example.com
4fd68d3c-f05a-4035-861d-646f83a917f8,squeamish-stocking,92,squeamish-stocking@example.com
077a6b2c-bfa7-4339-851c-b3999a22fa60,imminent-week,27,imminent-week@example.com
2c0a3b0f-540b-413c-a836-c85d0a0c06d4,fast-kitty,26,fast-kitty@example.com
20872de3-94e9-4d22-972a-3d65d89273b7,cold-comfort,74,cold-comfort@example.com
0210fe4e-035b-4043-837e-083b0f483465,nice-mom,36,nice-mom@example.com
0a816258-3acf-4b30-9784-6006d5882d82,slow-button,64,slow-button@example.com
fc0a8465-d1cd-4c1b-8b34-16abc8a6d1f2,glorious-plough,39,glorious-plough@example.com
a270dcad-6a03-4523-a76d-e53c9d187d40,enthusiastic-head,25,enthusiastic-head@example.com
558a9d3a-bf5b-48da-89f3-2c572b37268d,few-love,91,few-love@example.com
0642b138-bb08-4243-bf61-9bf92b117f8b,entertaining-oatmeal,81,entertaining-oatmeal@example.com
da7fe525-1d49-450b-aeaf-85c440a1e89e,cut-level,22,cut-level@example.com
8181349b-3c49-4330-befa-4b1b70f42fa7,giddy-jump,75,giddy-jump@example.com
a237f70e-2192-41cd-8c77-52f71aea16b8,aloof-shelf,34,aloof-shelf@example.com
f7f7834a-8d9c-4e97-baed-a63ffbd81af3,round-scent,49,round-scent@example.com
24d2c388-e267-4aca-8166-814e68235bf1,extra-large-front,37,extra-large-front@example.com
8722e62e-b6e6-4fe3-b4ca-600d33515fa7,steadfast-point,71,steadfast-point@example.com
4fc36cb7-fd11-4500-80fd-11896fa70041,tenuous-curtain,96,tenuous-curtain@example.com
d1290931-ca85-46fa-8630-17a750a2124c,flagrant-heart,69,flagrant-heart@example.com
0d586bbb-3631-4f51-8a9f-e05c3d8c01f9,hissing-song,84,hissing-song@example.com
d5bfb246-a190-4797-b48b-7cf70e4bd71f,late-coast,57,late-coast@example.com
b6e057fa-e1ca-4afa-ade8-243e0c07d71d,toothsome-loaf,38,toothsome-loaf@example.com
625a0f7c-4590-4112-829c-943880422d83,sore-able,41,sore-able@example.com
9c4b1c8d-060e-4bfb-9ad5-41e36ae912e8,majestic-finger,36,majestic-finger@example.com
d0af1608-b344-46e6-9fdd-ce08f4770dd2,perpetual-pen,66,perpetual-pen@example.com
b06ca70b-009a-409b-a075-bfb0c5e38c2e,exotic-stop,96,exotic-stop@example.com
02c18f0d-77a7-4c69-bcf2-ed86c2b094a8,light-brother,45,light-brother@example.com
5d4d9c11-465c-4bb1-9ec2-5904a096fe0c,grubby-steel,85,grubby-steel@example.com
fd724112-2316-4e0a-be9d-13b896f931d2,perpetual-lead,30,perpetual-lead@example.com
38aad711-f294-4a78-a02e-cfa0cb933a29,mellow-fold,43,mellow-fold@example.com
1f922b83-e414-44d2-9ac6-6f2ca03e80ff,overjoyed-army,18,overjoyed-army@example.com
2404c662-b987-4287-899e-4f9b761d02db,icy-governor,38,icy-governor@example.com
5b67fc5a-b5f4-4851-8bec-c90e8042f71b,slow-rifle,97,slow-rifle@example.com
881d7ece-a787-4d02-bc34-76a90b522d1d,woozy-smoke,95,woozy-smoke@example.com
477f6d45-a803-4e37-9a0d-07cbe06d6acf,ludicrous-snow,95,ludicrous-snow@example.com
7149e044-f50e-4291-9903-d5685c0d8d42,tense-money,82,tense-money@example.com
8cc9041d-9885-4b29-8bf5-1f8722b06933,beneficial-salt,76,beneficial-salt@example.com
e8c8c877-d9f2-40fb-809e-a6e52b6d9c6c,irritating-change,34,irritating-change@example.com
9a76ba66-a15e-40cc-a494-cf59e6544bb8,soft-pizzas,42,soft-pizzas@example.com
60006068-bd04-4a77-9339-a232b312763b,watery-grip,52,watery-grip@example.com
e24f3b5b-6a58-46a3-a0f3-e58d4a756344,poised-control,77,poised-control@example.com
7473d88f-ab07-424a-a06c-d6e87eab4a9a,alluring-shirt,94,alluring-shirt@example.com
1a9cdd88-f16b-468c-b946-24055585722b,lamentable-kitty,87,lamentable-kitty@example.com
5aeb4fe2-7c3f-4b35-9d38-b84800687a19,whimsical-face,69,whimsical-face@example.com
513f50fa-1433-44b5-a6b5-538a8a1c7cf2,wild-jam,95,wild-jam@example.com
3de56012-51f4-4573-a710-6d2067911002,quack-fog,55,quack-fog@example.com
0ab42c49-a27c-4237-a465-93f02492fcf3,loutish-birds,37,loutish-birds@example.com
dc5eb54e-e2a6-40cc-83d5-ec1d3c417aaa,cheap-rest,60,cheap-rest@example.com
2624aeb9-3293-493f-8d96-e8a0f0e406a7,furry-error,35,furry-error@example.com
60ecdb38-d488-43c4-a8f0-26809b1389a8,puzzled-cup,65,puzzled-cup@example.com
02395bf3-7c4c-470d-9352-4b5f18c176c1,attractive-pain,92,attractive-pain@example.com
6b73e239-6626-4679-b9d4-0977d8c28572,classy-class,77,classy-class@example.com
8ddc09d5-8a78-463c-81f2-c27ef07e0d1d,elegant-error,30,elegant-error@example.com
6302605f-9772-478b-b3a0-062cc6e9ae42,profuse-metal,68,profuse-metal@example.com
fb62ae27-8500-498c-a6ec-341214581817,spurious-coach,43,spurious-coach@example.com
3b778965-9519-4982-8efa-34603a9f297b,tearful-magic,87,tearful-magic@example.com
189b6b2e-ecef-4092-8bad-da1ce4a3fbfc,encouraging-visitor,88,encouraging-visitor@example.com
12f20bd7-171a-46a8-b7b9-d4c361eba838,dazzling-night,39,dazzling-night@example.com
6ba9bafb-d1b5-424a-b551-a66828eaea2d,black-kettle,46,black-kettle@example.com
a39ea8ec-6023-4ed2-b823-d520423824a2,stale-stranger,94,stale-stranger@example.com
8bb728c8-2d08-4d27-9280-528cf3418d65,unsuitable-pencil,94,unsuitable-pencil@example.com
70b46cc5-2721-4470-a8ac-64db98e443f8,kindly-time,47,kindly-time@example.com
57d62bcd-cfc5-4033-908f-6f7a236879fb,rigid-string,39,rigid-string@example.com
b2847235-1b8b-4670-b6c9-5676069ec3c9,hesitant-thread,31,hesitant-thread@example.com
be5cf796-ec19-4207-badc-6f60bdd25f36,hanging-taste,93,hanging-taste@example.com
3c7401c0-8e24-4876-be00-b32ba36c2655,bustling-clocks,36,bustling-clocks@example.com
76c0efa2-d399-4a75-8c15-7a3681e204ad,worried-blade,32,worried-blade@example.com
9bb185f4-51d2-48e1-a025-ccd9c0c7ce70,functional-disgust,70,functional-disgust@example.com
b686794d-ac1e-47cd-922b-db0281077c53,cloudy-honey,72,cloudy-honey@example.com
a525b9fb-72df-4d32-83da-693be2ec9a27,ugly-zoo,58,ugly-zoo@example.com
7695127b-dd23-4111-a6b3-02153b5b09a5,wide-eyed-frog,49,wide-eyed-frog@example.com
9868aa69-e106-4202-8335-fdd1cc038286,succinct-cup,76,succinct-cup@example.com
2024d862-4118-4e67-b9e6-5c7d86561db5,guarded-walk,75,guarded-walk@example.com
a9de26d8-7082-403c-8ba8-53c4997f20e7,husky-wrist,57,husky-wrist@example.com
bebb4d91-f39f-461d-a9a5-fe8520e56573,present-sheep,35,present-sheep@example.com
ea4b32f5-4012-4ad7-9b05-af42522e8ed3,warm-news,99,warm-news@example.com
08ac6298-1fda-4a3e-a3d4-3eac059c22a2,physical-mine,76,physical-mine@example.com
433af0c7-44f5-471b-85bf-237f2619d0b6,better-dolls,71,better-dolls@example.com
104f027a-a3c6-48f7-96e8-4dd2bedc145d,spicy-baby,26,spicy-baby@example.com
fff214d8-8cf5-4780-afb9-242c8f32be02,handsomely-rub,37,handsomely-rub@example.com
2d9d9192-111b-4fa5-8b10-54899817b2b4,strange-advice,80,strange-advice@example.com
d205d920-1e97-45de-a777-c8b1046dd963,delicious-dolls,50,delicious-dolls@example.com
d2fa9e34-e743-4bad-90f2-3bac8b5c9785,dashing-voice,79,dashing-voice@example.com
d05d57a5-dfb8-43f9-8d3a-d88a2ce5be3c,entertaining-hat,37,entertaining-hat@example.com
b370da3e-bdd5-4910-a344-24c2675fea4c,fine-beetle,51,fine-beetle@example.com
bb047e32-0618-42b9-b38c-fcf72f59c547,hellish-toy,37,hellish-toy@example.com
c26fe96f-2059-4367-af23-ad0fe1af4f7b,spicy-beginner,23,spicy-beginner@example.com
0337515c-7a46-4618-bbdd-a36fffeb763f,joyous-stick,96,joyous-stick@example.com
8cc43d40-bcca-431b-b371-480a11fefac9,tiny-chin,33,tiny-chin@example.com
ec1919c9-5a3a-451f-908c-5c038d00558e,eatable-music,37,eatable-music@example.com
53d072bf-7d33-4fb4-a1e0-bd8f6e032e0f,long-hobbies,90,long-hobbies@example.com
13c590d1-30f7-46e1-95b4-cbd00b5babf9,calm-son,73,calm-son@example.com
39832af5-f775-497d-9c29-1af0bf9fd602,substantial-loaf,83,substantial-loaf@example.com
0f41a6a3-066a-42c8-ab1f-07368716325e,furtive-wire,44,furtive-wire@example.com
07dc96a8-e9a8-404c-97f6-1efdab2f506c,secret-rings,63,secret-rings@example.com
2ab01701-1d5a-4813-b7cb-44951295fa8b,ancient-meal,54,ancient-meal@example.com
0d2872f2-0c4d-4523-be80-c46da57b7896,separate-approval,90,separate-approval@example.com
08fbdeea-72f6-4d68-b686-82d21d619d23,painful-beef,34,painful-beef@example.com
e4523a1f-4af4-4243-bce3-377546793de0,obnoxious-week,92,obnoxious-week@example.com
9dc62d14-e48b-4ea7-ab28-7c5baeb49a21,outgoing-vacation,19,outgoing-vacation@example.com
681f3fc3-0e15-44e0-b500-c215a922c084,seemly-word,30,seemly-word@example.com
f9da5f39-659a-4d2e-8f02-59725169b2c8,watery-yam,90,watery-yam@example.com
2545effa-b7bc-472d-b42c-a683bd3e193d,quiet-lumber,93,quiet-lumber@example.com
be1b229b-33da-4d87-ae57-05e3b1a059f7,careful-minister,40,careful-minister@example.com
294c1db7-34b9-4555-8043-dc662336ef47,ancient-park,80,ancient-park@example.com
c6e47a82-6767-4e73-990a-ca10a3c5826d,chubby-purpose,56,chubby-purpose@example.com
5007b81e-592d-449e-8315-38a878bafaf3,jittery-haircut,90,jittery-haircut@example.com
69aff5e9-21c6-4603-a03a-8eb63c279186,delirious-page,76,delirious-page@example.com
a02f9cca-fa82-4885-be81-628fa5a06d43,abusive-hammer,44,abusive-hammer@example.com
eb9d9bb2-1dec-4bd7-acdb-3cb24184b083,hollow-fireman,99,hollow-fireman@example.com
617a85f7-4679-4c8e-8471-f36257814a37,puffy-cloud,64,puffy-cloud@example.com
6c6942fd-9a50-45c2-b695-35284f7d2e26,demonic-marble,39,demonic-marble@example.com
f9fcb064-f22b-4239-86d0-a63aae6c4694,wholesale-zebra,42,wholesale-zebra@example.com
6fa7f737-de60-488b-a11a-54606ee80b3d,illustrious-bead,74,illustrious-bead@example.com
49f23191-9436-4b83-96b3-f835c667b6fa,amusing-join,50,amusing-join@example.com
d9cfe6bd-cab9-4571-9b4a-9de316a19383,tasty-canvas,87,tasty-canvas@example.com
4edfd1ae-20ba-421c-afed-90f0cd664d47,nice-tongue,43,nice-tongue@example.com
3ec2b7a6-c13e-4222-b434-5007e6b48103,guiltless-gold,96,guiltless-gold@example.com
09c5761f-9521-4f8b-913b-e87fce859eba,auspicious-road,42,auspicious-road@example.com
0d20808b-61b1-4e53-b33b-6242ff4b6448,ultra-bridge,61,ultra-bridge@example.com
ca1187e0-fdba-4fd8-abf5-904cf1e7f9d5,disillusioned-rule,84,disillusioned-rule@example.com
3da0752a-7594-4420-9bc5-fc6b0acb1e5c,electric-lake,30,electric-lake@example.com
a8203696-a10d-4bc4-a61f-e331a113e148,aware-passenger,56,aware-passenger@example.com
71f5e448-08f5-4300-8d44-189f423f6d6c,garrulous-year,36,garrulous-year@example.com
d29482a9-b7b8-4b3c-8f18-8f7b52828f12,zesty-drain,83,zesty-drain@example.com
7657d75e-c09f-444e-b450-3c59cdf47e03,perfect-collar,86,perfect-collar@example.com
e9094e84-0fe8-4b27-8c27-54b97dffa241,abrupt-arm,51,abrupt-arm@example.com
14882f72-3460-41b3-a96e-da0ebf9183b5,juvenile-design,50,juvenile-design@example.com
222e2d04-b55b-4279-aea7-4bcd96626419,truthful-beds,76,truthful-beds@example.com
c1dd3efe-616f-463e-ac88-8d9eb7a21ae2,finicky-pain,55,finicky-pain@example.com
cdea6b10-b359-40a9-a096-b882cef2d3d7,rigid-cloth,37,rigid-cloth@example.com
73f0b03e-b68d-4d13-aa50-ae3043c81f67,blushing-stem,91,blushing-stem@example.com
49f06b58-6363-4f33-b5f9-e459d89989dd,secretive-throne,67,secretive-throne@example.com
18c97cba-4aa7-4f6d-b795-b588ae46e8b4,unwritten-fuel,44,unwritten-fuel@example.com
8b1be76f-edce-4535-9d69-b7740a6b044b,concerned-kiss,34,concerned-kiss@example.com
e1426941-df95-4706-9f14-a4b13b84f2a3,scrawny-bottle,40,scrawny-bottle@example.com
bf8f3b30-4702-434b-8bf9-64ea1bef0a34,overt-work,29,overt-work@example.com
a239881d-2780-4db3-9c26-06677811b8f2,sturdy-sugar,36,sturdy-sugar@example.com
80742169-c3d5-4e4a-b368-f9e925c2494d,futuristic-territory,76,futuristic-territory@example.com
8dc8aaee-51e0-4c0a-a171-5e6ce1fcd4ee,unkempt-sticks,43,unkempt-sticks@example.com
1a11bb03-5549-4d81-8c91-5f171e4f762e,alike-underwear,26,alike-underwear@example.com
5bb28bbf-5e13-4300-9cf4-4158df6ee5cb,boiling-digestion,34,boiling-digestion@example.com
a83fb89b-3240-4191-90a1-901ed03f6fec,standing-apparel,65,standing-apparel@example.com
02fa809b-5430-4eaa-bb30-8caea4f8f6e3,angry-account,25,angry-account@example.com
67cf5a41-5602-4975-b357-b0c8f512fe47,standing-bag,28,standing-bag@example.com
918346b7-415e-44b8-9dde-a0905b873de6,abashed-doll,46,abashed-doll@example.com
e67e53d6-62cd-4eed-909b-97375ae73e7c,sharp-route,51,sharp-route@example.com
7587fe7f-29ce-4217-b412-36343f86969a,jagged-beds,80,jagged-beds@example.com
b1c87bfd-0932-43f6-b83a-0a3b3e0e8a37,pricey-rings,27,pricey-rings@example.com
cf62192a-199d-4598-bf99-3285a8fe37ff,tan-unit,20,tan-unit@example.com
78ac2dcc-292a-4942-9194-d0712721bbc5,ordinary-basin,74,ordinary-basin@example.com
9a39a16f-7f84-4a67-a418-84652419b8d6,tacky-size,34,tacky-size@example.com
b28d6e66-eeb1-4556-8dbc-5c1f53a57cc1,healthy-driving,62,healthy-driving@example.com
c213dc84-503d-4545-89c3-907a8a78ba29,harmonious-yak,59,harmonious-yak@example.com
b3c8d9b8-12f5-4da5-91a6-a7fe4ca60408,valuable-band,53,valuable-band@example.com
cb0186c6-3bab-4c20-9cde-2829fd71da20,laughable-brain,81,laughable-brain@example.com
799d4dea-30cf-4d33-aa40-cf6933acaf30,festive-stone,37,festive-stone@example.com
b2368176-aa2e-4ab8-adfe-b0f12ee57e98,observant-protest,56,observant-protest@example.com
201d618b-a67d-4b25-ac54-61c9e54a4ab9,hissing-cap,49,hissing-cap@example.com
2faeab3c-f3b9-4fe8-9ad8-7719b7921f3f,staking-war,41,staking-war@example.com
681cf3a6-6e35-42c6-9782-ced1a92c9de8,puzzling-board,77,puzzling-board@example.com
e944b3d8-3cc9-41c9-a744-bd42e2cd73ea,purple-payment,31,purple-payment@example.com
5693bc57-0dd1-486a-bbf6-a22c38b8fad0,unruly-mist,47,unruly-mist@example.com
f72674d5-730c-44e8-87a5-9e484ca306db,selfish-lake,81,selfish-lake@example.com
761fcac7-b287-454b-8701-2d1659daa54d,garrulous-insect,64,garrulous-insect@example.com
38391894-b9d0-43b6-8b6c-36bde163ff12,frightening-jar,97,frightening-jar@example.com
ade4798c-8244-4318-b230-3ee1254782d9,wistful-orange,67,wistful-orange@example.com
0ab15bef-79b0-4fee-a0dd-7b1f6a5a6161,hissing-attention,19,hissing-attention@example.com
17528256-f85e-4db9-9120-a4bddc22b48f,futuristic-beam,44,futuristic-beam@example.com
4ac4333b-acf9-462b-9d41-673172cf3efe,private-duck,51,private-duck@example.com
ca5af7ad-1b55-4d11-a25c-4514c2ff7ecd,disgusted-duck,98,disgusted-duck@example.com
fc8251d8-2e73-43b0-8281-394fe1aa6e26,sincere-pig,18,sincere-pig@example.com
92f797eb-c8fb-4290-aad3-ab800199b43c,mute-hearing,42,mute-hearing@example.com
e83de071-a0da-4026-85d4-4d9541d76951,equable-spiders,20,equable-spiders@example.com
37e7dce6-1370-42ac-8c5c-e834d5c78a67,curious-top,85,curious-top@example.com
0eee308d-c6d7-4063-a012-d0aa7cda2cc3,ordinary-week,88,ordinary-week@example.com
d1d09bf4-ac76-4c41-8dbf-912d94bbbaba,agreeable-bears,21,agreeable-bears@example.com
935a1d16-69fa-4e07-b174-59c4539b37f8,clever-education,66,clever-education@example.com
23ac71cb-f9f5-4f6b-b358-1decbb157e8c,simple-brass,81,simple-brass@example.com
6c3e6083-c715-4c7a-91db-2d5d854f68a2,acoustic-skin,83,acoustic-skin@example.com
0cebf1e4-81a2-4919-a123-9ea45ca40eda,threatening-beggar,18,threatening-beggar@example.com
2b010a04-a584-4a9b-bad7-faa7523d52ce,helpful-boys,72,helpful-boys@example.com
dd441b74-c90c-486c-9287-5ff6047a9e96,chemical-farmer,48,chemical-farmer@example.com
5b5bb49b-b674-4acf-95be-c9e026df31cc,dirty-cellar,70,dirty-cellar@example.com
aa8aef74-9e06-4ada-bc63-479c6e5ad1a0,zonked-side,61,zonked-side@example.com
04a55d77-55ff-4445-acd1-dd8cfa26d876,spotted-cart,90,spotted-cart@example.com
7a448fd5-60f5-47bf-84f2-70f747966de2,excellent-verse,83,excellent-verse@example.com
dab2ef44-35a7-473c-b031-19dd11b99251,volatile-sticks,78,volatile-sticks@example.com
350a8c17-832b-4820-808a-46fdc010f850,uttermost-kittens,91,uttermost-kittens@example.com
cc8dfdcb-d61b-4014-8483-5f7de2d34356,spicy-stage,41,spicy-stage@example.com
de19cf77-5f75-4150-86d6-7efddb89e3d7,abundant-governor,45,abundant-governor@example.com
253bf3ab-4f81-46ff-b64e-5af5d07d8d94,defeated-oil,89,defeated-oil@example.com
6e26adb9-8fcc-495c-aae9-d0aba64aa748,permissible-love,32,permissible-love@example.com
ada009a8-a8b3-457f-b5d4-fdb6e5902322,synonymous-force,91,synonymous-force@example.com
190adeab-99fe-4bdf-a10b-3d6a0a6189fe,vigorous-shoes,42,vigorous-shoes@example.com
c59002b1-a36e-4e59-9740-5451acd296ae,scrawny-muscle,45,scrawny-muscle@example.com
be855162-8cc5-431e-80d1-84308bac7235,grandiose-territory,50,grandiose-territory@example.com
c46c55ef-4a10-42d1-93df-a20e72d29165,wiggly-blade,22,wiggly-blade@example.com
b4bd0107-4f72-4130-ad4a-1f8ed1c7aeee,excited-bottle,95,excited-bottle@example.com
1cfa179b-1ffe-4c33-8db9-77e06e486a6e,rainy-bells,25,rainy-bells@example.com
015e8081-caed-4349-8c2d-794314a5aab3,neighborly-invention,77,neighborly-invention@example.com
4355e86d-b3f1-40ee-b0ff-6a23c9cbb566,shaky-flag,58,shaky-flag@example.com
80320f1a-59ff-4819-97f8-dd57f6f26748,vague-shade,27,vague-shade@example.com
2a115353-dcf8-442b-a1ea-2f762a37facb,melodic-squirrel,25,melodic-squirrel@example.com
add9b1b4-939b-45a4-9d14-e847d4025c5f,craven-snails,36,craven-snails@example.com
14906a2a-98be-4a3b-8a91-fbc09287a8b8,adventurous-grape,99,adventurous-grape@example.com
0b25cdf8-fa74-416c-997e-4e16d11e0d82,marvelous-cushion,46,marvelous-cushion@example.com
3ad8f422-fd2a-4e15-ab27-5f74982fef41,materialistic-step,77,materialistic-step@example.com
f1c0cb19-8c4f-424a-a122-c53669f03b1d,rustic-exchange,84,rustic-exchange@example.com
a02d1c22-c5b8-4647-819b-aa342b51218f,childlike-disease,36,childlike-disease@example.com
36676057-11a2-4d38-891b-64e1adc63fbd,plant-trip,90,plant-trip@example.com
36733915-b41c-470c-bde3-927c126f3c18,ajar-rule,31,ajar-rule@example.com
f4f93d45-9ff1-49e4-911b-1129384bfb9e,cloistered-ticket,34,cloistered-ticket@example.com
f9839e75-48a4-46d0-84a7-d91c61faab57,fabulous-lake,83,fabulous-lake@example.com
91bf1f14-00fe-41bc-a003-622f7f931d77,enchanted-transport,70,enchanted-transport@example.com
d5f1f588-f6cd-4ed0-8919-ebd8143f92b3,dynamic-order,18,dynamic-order@example.com
02c5c40d-6fdd-4370-bd72-3558c5ba0924,defeated-play,53,defeated-play@example.com
47ae389e-0954-433d-9012-3550b7dc1794,boorish-waves,24,boorish-waves@example.com
288b435f-73e4-4e1d-88d9-35ee96802fb7,drunk-tiger,31,drunk-tiger@example.com
fea38fd7-05fb-4e53-8bc4-563ad1abf603,long-term-butter,85,long-term-butter@example.com
fa8561e0-7701-4374-b182-fa4a8e3ce9f0,handsome-stem,77,handsome-stem@example.com
77b84322-42aa-41ab-82e4-e2f44dbd67e0,goofy-degree,79,goofy-degree@example.com
fe98f9ca-c06e-4593-8e0f-fade21b5afe4,unadvised-airplane,28,unadvised-airplane@example.com
d8ded2f5-0398-4844-aaf1-cc7a8202679b,astonishing-sweater,85,astonishing-sweater@example.com
91a1b7c9-e377-4d03-abea-7862722d31d4,shivering-trail,72,shivering-trail@example.com
f658adb6-adf2-4739-bfb0-c403fc417c47,noxious-town,26,noxious-town@example.com
519a09c6-4550-451b-80e4-212a23d43082,unwieldy-fifth,53,unwieldy-fifth@example.com
b1c8eb41-a0b0-424b-baca-83ce90acc49e,curvy-tent,18,curvy-tent@example.com
04f5f306-a750-4686-a2de-42ce9aeec041,disgusted-hearing,68,disgusted-hearing@example.com
0de79b84-6e95-42f3-b790-7c23bc187eab,depressed-clock,66,depressed-clock@example.com
a88deb18-ed56-4ed1-9a48-ecd0e123273c,festive-needle,33,festive-needle@example.com
771e4811-e260-4364-9c77-b7353255e34f,womanly-hour,74,womanly-hour@example.com
7072cfe0-73eb-4e48-86e7-8d9a61ae0b50,pale-hen,46,pale-hen@example.com
d9de833a-2a86-43e7-95ba-097fff33fd9b,unwritten-vest,50,unwritten-vest@example.com
19f831d6-4733-4293-8ff4-b85c1b6433b7,cautious-help,51,cautious-help@example.com
ec6b7623-a566-4e6a-8bc4-741149db84f1,educated-pocket,78,educated-pocket@example.com
3d8f385b-798c-44e8-b184-251b7c1a3ae0,silky-scale,55,silky-scale@example.com
f2dd6c2a-0376-4db8-ab1f-d8ce945a1865,cloistered-committee,78,cloistered-committee@example.com
6b182b26-9bf5-44e2-a70f-98b9f9b7a3af,tenuous-desire,42,tenuous-desire@example.com
bb102139-6699-4a79-96a4-7ad6e86d6fd8,divergent-farmer,95,divergent-farmer@example.com
e5629bcb-190f-4386-8baf-97c563c6914c,talented-development,48,talented-development@example.com
cdaa5608-6d7a-4976-852e-26a57c0b0b32,hurried-scarf,52,hurried-scarf@example.com
fb79374d-9ae3-4444-a200-6105deb6382b,idiotic-maid,49,idiotic-maid@example.com
2435353a-7765-45e8-a493-a9454ef3dad8,giant-wealth,73,giant-wealth@example.com
c6cd9052-3b82-4fe7-85c4-d1cc497d4bb6,macho-scissors,22,macho-scissors@example.com
8a689ce0-9f14-4b03-83ab-d4d2c85a0f64,important-manager,99,important-manager@example.com
9f5dd719-9b1e-4ec8-be3d-dd45c249a1b0,motionless-blade,49,motionless-blade@example.com
11d0c71e-8516-46fe-979f-b837420c4716,muddled-cat,43,muddled-cat@example.com
8c79c552-680c-4ed1-a3ef-7719de1fa423,obsequious-locket,75,obsequious-locket@example.com
3497cc37-44c6-4386-bccd-9320e27cd018,melodic-face,85,melodic-face@example.com
7a62ebcf-914a-4c3c-b09f-3491f492dc03,ceaseless-stranger,46,ceaseless-stranger@example.com
35be1dda-63b6-46a9-befa-2e18e4f2c731,various-face,25,various-face@example.com
ed860aef-8166-427f-b4c7-6621d9889dff,greasy-waves,37,greasy-waves@example.com
63779e12-683b-4f96-a537-7c3b33008aff,therapeutic-money,31,therapeutic-money@example.com
666b7b6f-472e-411c-bca0-84262d00e348,quickest-copy,56,quickest-copy@example.com
849efe65-5123-48c0-ada4-129fbc7aef7d,loose-society,20,loose-society@example.com
36933e51-99d7-4dd6-bfb0-26f87580e42a,taboo-picture,36,taboo-picture@example.com
9292aaa9-8c60-4824-93cc-f27fc4e4629f,obeisant-dinosaurs,69,obeisant-dinosaurs@example.com
67cdab44-07f4-42fa-a85b-f698de98fdab,gruesome-zinc,96,gruesome-zinc@example.com
14ef8255-a4f9-41eb-85a5-51cc51daa2c8,loose-sky,18,loose-sky@example.com
7acd169a-ad9d-4908-b3da-b2671df0eeaf,unsuitable-sea,42,unsuitable-sea@example.com
f1bc692c-6a58-4d9f-b46a-d01fa5e4b0b1,small-pull,48,small-pull@example.com
d3477e49-a741-4948-b434-8ed9a4cfaa6e,cuddly-mint,58,cuddly-mint@example.com
ea8bdbaf-d064-415d-b017-a6d31e83f3ff,calm-owner,44,calm-owner@example.com
b172fc13-2ccd-4d3c-bb34-28ba73af916b,feeble-moon,21,feeble-moon@example.com
0fd12050-0e52-4c39-9259-aee7a301aafb,efficacious-cup,63,efficacious-cup@example.com
e8a97c56-7a53-4d87-984e-76d342a76970,lazy-potato,27,lazy-potato@example.com
1aa63a64-5b6f-48a7-a0b5-83cc1db088e6,glorious-drop,65,glorious-drop@example.com
5a7aafae-1620-4917-bb93-9e5155b2e28c,busy-slave,90,busy-slave@example.com
1fae2f10-5dac-4a42-a3b7-96ea35c74411,hurt-mind,81,hurt-mind@example.com
d2945244-c2d8-42ae-9dcc-e7be36a29e9b,nutty-history,51,nutty-history@example.com
1f0925fe-bfe2-42d9-b612-4c67e099317b,early-dime,56,early-dime@example.com
3d714c43-04a3-4078-9ffe-53a0732e143e,unkempt-copy,73,unkempt-copy@example.com
3f246e84-cf06-4105-8b34-f4a14773d0f5,true-mouth,46,true-mouth@example.com
808e180f-b1c4-48e9-b535-d82bd9def6db,tacky-branch,25,tacky-branch@example.com
d12c523d-5d94-40f5-8b21-9119ae2a7d26,volatile-popcorn,81,volatile-popcorn@example.com
0b32ec6f-2eb8-4e42-af19-f23dd926f87e,accidental-meat,86,accidental-meat@example.com
d8b093f3-9fe3-44b3-8bca-79d39d3f27ea,half-snakes,43,half-snakes@example.com
12baecf1-588e-4acb-9883-374841d004f8,nasty-bun,48,nasty-bun@example.com
2b0dd906-5d08-4c43-8b5b-b4e044c4fdb5,nauseating-form,62,nauseating-form@example.com
ef043f64-3038-40b5-b429-3e8992756693,tacky-horses,57,tacky-horses@example.com
efdc9892-eb13-46cb-9658-735d92e9495b,wiry-baby,18,wiry-baby@example.com
d2ef1fe7-ea6d-4fc4-8771-825c9400a727,adamant-unit,29,adamant-unit@example.com
